"Key","Item Type","Publication Year","Author","Title","Publication Title","ISBN","ISSN","DOI","Url","Abstract Note","Date","Date Added","Date Modified","Access Date","Pages","Num Pages","Issue","Volume","Number Of Volumes","Journal Abbreviation","Short Title","Series","Series Number","Series Text","Series Title","Publisher","Place","Language","Rights","Type","Archive","Archive Location","Library Catalog","Call Number","Extra","Notes","File Attachments","Link Attachments","Manual Tags","Automatic Tags","Editor","Series Editor","Translator","Contributor","Attorney Agent","Book Author","Cast Member","Commenter","Composer","Cosponsor","Counsel","Interviewer","Producer","Recipient","Reviewed Author","Scriptwriter","Words By","Guest","Number","Edition","Running Time","Scale","Medium","Artwork Size","Filing Date","Application Number","Assignee","Issuing Authority","Country","Meeting Name","Conference Name","Court","References","Reporter","Legal Status","Priority Numbers","Programming Language","Version","System","Code","Code Number","Section","Session","Committee","History","Legislative Body"
"VIEXM6QC","conferencePaper","2024","Dürre, Jan; Werner, Norbert","DECT-2020 NR for Professional Live Audio: Design Space Exploration and Practical Evaluation","2024 IEEE 5th International Symposium on the Internet of Sounds (IS2)","979-8-3503-6652-5","","10.1109/IS262782.2024.10704159","https://ieeexplore.ieee.org/document/10704159/","This paper presents an in-depth evaluation of the DECT-2020 New Radio (NR) standard for professional live audio applications, focusing on latency as a critical performance indicator. The evaluation uses the nRF91 modem series by Nordic Semiconductor, currently the first and only available devices with DECT-2020 support. We evaluate the potential of DECT-2020 by exploring the design space of the standard, explaining the complexity of trade-offs between latency, RF resource utilization, and transmission robustness. We then present our measurement setup, to analyze the performance. Based on a series of practical latency measurements with different configurations, we identify potential operation points for transmitting wireless audio over DECT-2020 and conclude that the minimum achievable latency with the current DECT2020 modem implementation is 2.312 ms, at a cost of about onethird of the RF channel resources. Our results represent a minimum latency estimation as only the physical layer is currently available as an implementation, and other key performance indicators were not considered in this work. These findings provide valuable insights into the current state of DECT-2020 for professional live audio applications and highlight areas for future exploration.","2024-09-30","2026-03-24 13:20:36","2026-07-08 13:46:41","2026-03-24 13:20:36","1-7","","","","","","DECT-2020 NR for Professional Live Audio","","","","","IEEE","Erlangen, Germany","en","https://doi.org/10.15223/policy-029","","","","DOI.org (Crossref)","","","","/home/ashuqullah-alizai/snap/zotero-snap/common/Zotero/storage/PSK69LU6/Dürre and Werner - 2024 - DECT-2020 NR for Professional Live Audio Design Space Exploration and Practical Evaluation.pdf; /home/ashuqullah-alizai/snap/zotero-snap/common/Zotero/storage/U6VGLP7B/85207817806.html","","","5G; Resource management; URLLC; Standards; Wireless communication; Physical layer; Current measurement; DECT-2020 New Radio; Modems; NR+; professional live audio; Radio frequency; Robustness; Semiconductor device measurement; Space exploration; wireless microphone","","","","","","","","","","","","","","","","","","","","","","","","","","","","","","","2024 IEEE 5th International Symposium on the Internet of Sounds (IS2)","","","","","","","","","","","","","","",""
"VJXW8LI8","conferencePaper","2025","Samuylov, Andrey; Glazkov, Roman; Moltchanov, Dmitri; Pirskanen, Juho; Numminen, Jussi; Valkama, Mikko","Performance of DECT-2020 NR and FCC-Based Mesh IoT Systems in DECT Bands","2025 IEEE 101st Vehicular Technology Conference (VTC2025-Spring)","979-8-3315-3147-8","","10.1109/VTC2025-Spring65109.2025.11174654","https://ieeexplore.ieee.org/document/11174654/","DECT-2020 NR is a recently standardized radio access technology (RAT) for massive machine-type 5G communications operating in the license-exempt and licensed bands. By relying on multi-hop communications and listen-before-talk (LBT) medium access, DECT-2020 NR allows for cost-controlled flexible deployments. However, the medium access procedures for some of the bands currently used by classic DECT systems are strictly regulated by long-standing policies in the USA. The goal of this study was to evaluate and compare the performance of DECT-2020 NR and medium access specified by the Federal Communications Commission (FCC) for the Unlicensed Personal Communications Service (UPCS) band. Our results demonstrate that in a mesh system, the use of FCC access rules leads to drastic performance degradation, resulting in less than 85% of delivered packets compared to 98-99% for DECT-2020 NR. This results in a slight 1-2% degradation for coexisting classic DECT devices. For efficient use of the UPCS band, we recommend revisiting current FCC rules, allowing for LBT-based operations.","2025-06-17","2026-03-24 13:20:45","2026-07-08 13:43:52","2026-03-24 13:20:45","1-6","","","","","","","","","","","IEEE","Oslo, Norway","en","https://doi.org/10.15223/policy-029","","","","DOI.org (Crossref)","","","","/home/ashuqullah-alizai/snap/zotero-snap/common/Zotero/storage/NK4X2SEN/Samuylov et al. - 2025 - Performance of DECT-2020 NR and FCC-Based Mesh IoT Systems in DECT Bands.pdf","","","Topology; Performance evaluation; Resource management; Timing; algorithms; Degradation; DECT-2020 NR; mMTC; New Radio; NR+; IoT; multi-hop; Radio access technologies; Vehicular and wireless technologies; topology; FCC; Personal communication networks; Stars","","","","","","","","","","","","","","","","","","","","","","","","","","","","","","","2025 IEEE 101st Vehicular Technology Conference (VTC2025-Spring)","","","","","","","","","","","","","","",""
"LSITZZ47","conferencePaper","2025","Glazkov, Roman; Samuylov, Andrey; Gaydamaka, Anna; Moltchanov, Dmitri; Pirskanen, Juho; Numminen, Jussi; Valkama, Mikko","Improving Near-URLLC Services Performance Over Multi-Hop Topologies in DECT-2020 NR Systems","2025 IEEE 101st Vehicular Technology Conference (VTC2025-Spring)","979-8-3315-3147-8","","10.1109/VTC2025-Spring65109.2025.11174908","https://ieeexplore.ieee.org/document/11174908/","DECT-2020 NR is a radio access technology designed for 5G Internet of Things (IoT) applications. By leveraging multi-hop communications and listen-before-talk (LBT) mechanisms, DECT-2020 NR offers a flexible and cost-effective deployment solution for massive machine-type communications (mMTC). The ETSI standardization committee currently considers extending use-case options to ultra-reliable low-latency communications by enabling scheduled access along with LBT. However, this approach can increase the cost of the end systems. The aim of this study is to investigate whether standardized physical and medium access control (MAC) mechanisms, including power control, LBT, and priority queuing, can provide nearURLLC operation over multihop topologies. Our results show that to improve loss performance one needs to disable power control, use a shorter back-off window, and enable priority data transmission. For improving latency performance it is critical to use shorter acknowledgement (ACK) timeout and send ACKs immediately after data packet reception. Applying these techniques allows us to improve multi-hop URLLC latency performance by up to 30-80% and loss performance by up to 1020% depending on URLLC and mMTC traffic conditions with only negligible impact on mMTC traffic performance.","2025-06-17","2026-03-24 13:20:47","2026-07-08 13:45:24","2026-03-24 13:20:47","1-7","","","","","","","","","","","IEEE","Oslo, Norway","en","https://doi.org/10.15223/policy-029","","","","DOI.org (Crossref)","","","","/home/ashuqullah-alizai/snap/zotero-snap/common/Zotero/storage/639RLIK5/Glazkov et al. - 2025 - Improving Near-URLLC Services Performance Over Multi-Hop Topologies in DECT-2020 NR Systems.pdf","","","Topology; Reliability; Ultra reliable low latency communication; URLLC; Internet of Things; Standardization; NR+; IoT; DECT-2020; Data communication; Media Access Control; multi-hop; Power control; Radio access technologies; Vehicular and wireless technologies","","","","","","","","","","","","","","","","","","","","","","","","","","","","","","","2025 IEEE 101st Vehicular Technology Conference (VTC2025-Spring)","","","","","","","","","","","","","","",""
"IR8XSMYQ","conferencePaper","2025","Gaidamaka, Yuliya; Nikolaev, Dmitry; Gaidamaka, Yuliya; Koucheryavy, Yevgeni","Optimizing Delays in Random Access Procedure of DECT-2020 by Estimation of Device States","2025 XIХ International Symposium on Problems of Redundancy in Information and Control Systems (Redundancy)","979-8-3315-4992-3","","10.1109/Redundancy68069.2025.11301564","https://ieeexplore.ieee.org/document/11301564/","Massive Machine-Type Communication (mMTC) enables the seamless connectivity of billions energy-efficient devices, forming the intelligent infrastructure for smart cities, automated industries, and real-time data-driven decision making. In this paper we investigate the modern mMTC technology Digital Enhanced Cordless Telecommunication New Radio (DECT2020 NR), focusing on random access (RA) procedure. The study develops a mathematical model characterizing the RA phase and proposes a hidden Markov model (HMM)-based method for estimating the number of competing devices. The research introduces and evaluates a delay reduction strategy wherein the RA phase duration is adapted based on the HMM-based estimation of the device state. Numerical results demonstrate the effectiveness of the proposed approach in optimizing RA performance. The findings contribute to improving DECT-2020 network efficiency by balancing RA and data transmission phases while minimizing latency.","2025-11-05","2026-03-24 13:20:53","2026-07-08 13:46:16","2026-03-24 13:20:53","1-5","","","","","","","","","","","IEEE","Moscow, Russian Federation","en","https://doi.org/10.15223/policy-029","","","","DOI.org (Crossref)","","","","/home/ashuqullah-alizai/snap/zotero-snap/common/Zotero/storage/PW25JF6I/Gaidamaka et al. - 2025 - Optimizing Delays in Random Access Procedure of DECT-2020 by Estimation of Device States.pdf","","","random access; mMTC; DECT-2020; delay; hidden Markov model","","","","","","","","","","","","","","","","","","","","","","","","","","","","","","","2025 XIX International Symposium on Problems of Redundancy in Information and Control Systems (Redundancy)","","","","","","","","","","","","","","",""
"NKL3SGM7","conferencePaper","2023","Samuylov, Andrey; Moltchanov, Dmitri; Pirskanen, Juho; Numminen, Jussi; Koucheryavy, Yevgeni; Valkama, Mikko","Performance Assessment of DECT-2020 NR and Classic DECT Coexistence Mechanisms","2023 IEEE 97th Vehicular Technology Conference (VTC2023-Spring)","979-8-3503-1114-3","","10.1109/VTC2023-Spring57618.2023.10200362","https://ieeexplore.ieee.org/document/10200362/","The recently standardized ETSI DECT-2020 New Radio (NR) technology promises to enable operator-independent Internet-of-Things (IoT) services. One of the supported operating bands is the 1880 − 1900 MHz band where IoT devices use one or more 1.728 MHz wide channels for multi-hop communications. It has been shown that such systems scale well to satisfy the requirements of 5G massive machine-type communications (mMTC). During the standardization process, the coexistence with classic DECT technology was addressed but the benefits of different options have not been deeply explored. In this paper, by utilizing system-level simulation techniques we evaluate several coexistence solutions for DECT-2020 and classic DECT systems including conventional listen-before-talk access (LBT), last-minute scan, and scheduling-based mechanisms. Our numerical results illustrate that the standard LBT operation ensures excellent performance with no more than 2% of packet drops for classic DECT, and still results in satisfactory DECT2020 operation under 25% of resources allocated to classic DECT. The use of last-minute-scan leads to drastic performance degradation of DECT-2020 (by more than 10% in terms of packet drops) as compared to the standard LBT-only operation. Finally, a scheduling-based mechanism allows to improve the LBT performance for DECT-2020 devices by 2-5%.","2023-06","2026-03-24 13:20:56","2026-07-08 13:43:42","2026-03-24 13:20:56","1-7","","","","","","","","","","","IEEE","Florence, Italy","en","https://doi.org/10.15223/policy-029","","","","DOI.org (Crossref)","","","","/home/ashuqullah-alizai/snap/zotero-snap/common/Zotero/storage/S28XSVSR/Samuylov et al. - 2023 - Performance Assessment of DECT-2020 NR and Classic DECT Coexistence Mechanisms.pdf","","","Performance evaluation; Resource management; Internet of Things; Degradation; New Radio; IoT; DECT-2020; Vehicular and wireless technologies; Safety; coexistence","","","","","","","","","","","","","","","","","","","","","","","","","","","","","","","2023 IEEE 97th Vehicular Technology Conference (VTC2023-Spring)","","","","","","","","","","","","","","",""
"2UTFZQWH","conferencePaper","2024","Waßmann, Mattes; Poets, Alexander; Peissig, Jürgen; Pilz, Jens","Performance of DECT-2020 NR in an industrial environment for varying RF bands","2024 Joint European Conference on Networks and Communications &amp; 6G Summit (EuCNC/6G Summit)","979-8-3503-4499-8","","10.1109/EuCNC/6GSummit60053.2024.10597084","https://ieeexplore.ieee.org/document/10597084/","As there are no publications regarding the performance of DECT-2020 NR in real-life scenarios yet, this work constitutes a first performance assessment of DECT-2020 NR in the 450, 1350 and 3700 MHz frequency bands at different numerologies with bandwidths ranging from 1.728 to 13.824 MHz. To show the benefits of DECT-2020 NR, it is compared to classic DECT in a Rayleigh fading channel. In the course of this evaluation, performance metrics such as Bit Error Rate (BER) and Packet Error Rate (PER) were considered. Furthermore, MATLAB-generated DECT-2020 NR packets were transmitted utilizing GNU Radio and Ettus USRPs. The measurements were conducted in an industrial production line. Overall, the packet error rates were found to be the best at 450 MHz, with a packet loss of less than 5 %. At 1350 MHz, a packet error rate of 15 % was observed, whereas at 3700 MHz, a maximum value of 10 % was recorded. The differences in PER for the different frequencies are attributed to the internal losses at higher frequencies in the used USRP B210s. Another aspect of this work focuses on characterizing the indoor channel of the production line using OFDM-based channel sounding. On average, an RMS delay spread of 65 ns was measured for a bandwidth of 13.824 MHz in the selected frequency bands.","2024-06-03","2026-03-24 13:20:58","2026-07-08 13:43:05","2026-03-24 13:20:58","610-615","","","","","","","","","","","IEEE","Antwerp, Belgium","en","https://doi.org/10.15223/policy-029","","","","DOI.org (Crossref)","","","","/home/ashuqullah-alizai/snap/zotero-snap/common/Zotero/storage/WZFFI2FH/Waßmann et al. - 2024 - Performance of DECT-2020 NR in an industrial environment for varying RF bands.pdf","","","5G; DECT; DECT-2020; channel sounding; channel statistics; Doppler spectral density; power delay profile","","","","","","","","","","","","","","","","","","","","","","","","","","","","","","","2024 Joint European Conference on Networks and Communications &amp; 6G Summit (EuCNC/6G Summit)","","","","","","","","","","","","","","",""
"GBM5LBLS","journalArticle","2026","Graf, Fabian; Watteyne, Thomas; Villnow, Michael","What to Expect When Using DECT NR+","IEEE Communications Magazine","","0163-6804, 1558-1896","10.1109/MCOM.001.2500286","https://ieeexplore.ieee.org/document/11303302/","DECT NR+ is the new kid on the block in wireless technologies: it re-purposes the 1.9 GHz Digital Enhanced Cordless Telecommunications (DECT) standard for IoT-type applications. How does DECT NR+ perform in practice and where should we be using it? The ambition of this article is to provide answers to those questions. We start by an overview of the fundamental principles of the physical layer. We then survey the DECT NR+ products on the market today. Using the nRF91 series from Nordic Semiconductor, we conduct a comprehensive set of hands-on power consumption and communication range measurements. Our results place DECT NR+ in a gap in-between existing technologies. Its range is comparable to long range standards such as IEEE 802.15.4g under certain parameter choices: 200 m in an urban setting, 6 km in the most favorable lineof-sight conditions. For higher order Modulation and Coding Schemes, range drops and is rather comparable to Wi-Fi. The nRF9161 draws significant power (at 3.7 V, 220 mA transmitting at +19 dBm, 45 mA receiving), approximately 10× higher than BLE radios. This is likely primarily due to earlystage design inefficiencies and the inherent complexity of the DECT NR+ physical layer, limiting its adoption in batterypowered applications. We conclude that DECT NR+ is particularly appropriate for applications that require a dynamic tradeoff between communication range and data rate, but are not cost-sensitive.","2026-02","2026-03-24 13:21:00","2026-07-08 13:45:01","2026-03-24 13:21:00","16-22","","2","64","","IEEE Commun. Mag.","","","","","","","","en","https://ieeexplore.ieee.org/Xplorehelp/downloads/license-information/IEEE.html","","","","DOI.org (Crossref)","","","","/home/ashuqullah-alizai/snap/zotero-snap/common/Zotero/storage/C3XX3PY8/Graf et al. - 2026 - What to Expect When Using DECT NR+.pdf","","","5G mobile communication; OFDM; Standards; Internet of Things; Symbols; Power demand; Physical layer; Semiconductor device measurement; Costs; Regulation","","","","","","","","","","","","","","","","","","","","","","","","","","","","","","","","","","","","","","","","","","","","","",""
"27TK6R39","conferencePaper","2022","Nihtila, Timo; Berg, Heikki","Energy Consumption of DECT-2020 NR Mesh Networks","2022 Joint European Conference on Networks and Communications & 6G Summit (EuCNC/6G Summit)","978-1-6654-9871-5","","10.1109/EuCNC/6GSummit54941.2022.9815770","https://ieeexplore.ieee.org/document/9815770/","ETSI DECT-2020 New Radio (NR) is a new flexible radio interface targeted to support a broad range of wireless Internet of Things (IoT) applications. Recent reports have shown that DECT-2020 NR achieves good delay performance and it has been shown to fulfill both massive machine-type communications (mMTC) and ultra-reliable low latency communications (URLLC) requirements for 5th generation (5G) networks. A unique aspect of DECT-2020 as a 5G technology is that it is an autonomous wireless mesh network (WMN) protocol where the devices construct and uphold the network independently without the need for base stations or core network architecture. Instead, DECT-2020 NR relies on part of the network devices taking the role of a router to relay data through the network. This makes deployment of a DECT-2020 NR network affordable and extremely easy, but due to the nature of the medium access protocol, the routing responsibility adds an additional energy consumption burden to the nodes, who in the IoT domain are likely to be equipped with a limited battery capacity. In this paper, we analyze by system level simulations the energy consumption of DECT-2020 NR networks with different network sizes and topologies and how the reported low latencies can be upheld given the energy constraints of IoT devices.","2022-06-07","2026-03-24 13:21:02","2026-07-08 13:44:44","2026-03-24 13:21:02","196-201","","","","","","","","","","","IEEE","Grenoble, France","en","https://doi.org/10.15223/policy-029","","","","DOI.org (Crossref)","","","","/home/ashuqullah-alizai/snap/zotero-snap/common/Zotero/storage/68RYY4WN/Nihtila and Berg - 2022 - Energy Consumption of DECT-2020 NR Mesh Networks.pdf","","","5G; Performance evaluation; Ultra reliable low latency communication; Wireless communication; Analytical models; NR; IoT; DECT-2020; energy consumption; Energy consumption; mesh network; Mesh networks; Wireless mesh networks","","","","","","","","","","","","","","","","","","","","","","","","","","","","","","","2022 Joint European Conference on Networks and Communications & 6G Summit (EuCNC/6G Summit)","","","","","","","","","","","","","","",""
"5TQ5MTTD","conferencePaper","2025","Haque, Md Mohaiminul; Säe, Joonas; Pirskanen, Juho; Valkama, Mikko","DECT-2020 NR Link Distance Performance in Varying Environments: Models and Measurements","2025 19th European Conference on Antennas and Propagation (EuCAP)","978-88-31299-10-7","","10.23919/EuCAP63536.2025.10999279","https://ieeexplore.ieee.org/document/10999279/","Digital Enhanced Cordless Telecommunications 2020 New Radio (DECT-2020 NR) has garnered recognition as an alternative for cellular 5G technology in the internet of things industry. This paper presents a study centered around the analysis of the link distance performance in varying environments for DECT-2020 NR. The study extensively examines and analyzes received signal strength indicator and resulting path loss values in comparison with theoretical models, as well as packet success rates (SR) and signal-to-noise ratio against varying distances. The measurements show that with an SR of over 90 %, an antenna height of 1.5 m, indoor link distances with a single device-to-device connection with 0 dBm transmission (TX) power can reach over 60 m in non-line-of-sight (NLOS) areas and up to 190 m in LOS areas with smaller −8 dBm TX power. Similarly, for outdoor use cases, link distances of over 600 m can be reached with +19 dBm TX power.","2025-03-30","2026-03-24 13:21:04","2026-07-08 13:45:21","2026-03-24 13:21:04","1-5","","","","","","DECT-2020 NR Link Distance Performance in Varying Environments","","","","","IEEE","Stockholm, Sweden","en","https://doi.org/10.15223/policy-029","","","","DOI.org (Crossref)","","","","/home/ashuqullah-alizai/snap/zotero-snap/common/Zotero/storage/NKMAIIG3/Haque et al. - 2025 - DECT-2020 NR Link Distance Performance in Varying Environments Models and Measurements.pdf","","","Performance evaluation; Internet of Things; Signal to noise ratio; DECT-2020 NR; Antenna measurements; internet of things; link-level measurements; Power measurement; radio propagation models; Received signal strength indicator; Smart buildings; Smart cities; Telecommunications; Transmitting antennas","","","","","","","","","","","","","","","","","","","","","","","","","","","","","","","2025 19th European Conference on Antennas and Propagation (EuCAP)","","","","","","","","","","","","","","",""
"YEPBAD72","journalArticle","2025","Samuylov, Andrey; Moltchanov, Dmitri; Gaydamaka, Anna; Lyczkowski, Eike; Frotzscher, Andreas; Von Schoettler, Frank; Pirskanen, Juho; Numminen, Jussi; Salokannel, Juha; Llaguno, Endika; Pires, Rafael; Bayar, Dilara; Valkama, Mikko","Empowering Near-URLLC IoT with 5G DECT-2020 NR: Current State and the Road Ahead","IEEE Communications Magazine","","0163-6804, 1558-1896","10.1109/MCOM.002.2400385","https://ieeexplore.ieee.org/document/10945746/","DECT-2020 is a standardized multi-hop technology for 5G massive machine-type communications (mMTC). By relying on multi-hop communications, DECT-2020 allows for cost-controlled flexible deployments that enable a plethora of new services, whose requirements in terms of latency, reliability, and throughput are difficult to satisfy by utilizing cellular Internet-ofThings technologies (CIoT). In this article, we outline new DECT-2020 use-cases ranging from mMTC to ultra-reliable low-latency communications (URLLC), showing that many modern services lie between these two extremes. We utilize system level simulations to demonstrate how these “near-URLLC” use-cases are satisfied by the DECT-2020. We show that the current evolution of DECT-2020 can provide near-URLLC operation when no multi-hop communications are required, even under interference from competing URLLC/ mMTC traffic. However, provisioning of nearURLLC services over multiple hops requires additional enhancements.","2025-04","2026-03-24 13:21:30","2026-07-08 13:43:43","2026-03-24 13:21:30","130-136","","4","63","","IEEE Commun. Mag.","Empowering Near-URLLC IoT with 5G DECT-2020 NR","","","","","","","en","https://ieeexplore.ieee.org/Xplorehelp/downloads/license-information/IEEE.html","","","","DOI.org (Crossref)","","","","/home/ashuqullah-alizai/snap/zotero-snap/common/Zotero/storage/NAFLSULZ/Samuylov et al. - 2025 - Empowering Near-URLLC IoT with 5G DECT-2020 NR Current State and the Road Ahead.pdf","","","5G mobile communication; Protocols; Throughput; Reliability; Ultra reliable low latency communication; Standards; Interference; Cellular networks; Spread spectrum communication; Distance measurement","","","","","","","","","","","","","","","","","","","","","","","","","","","","","","","","","","","","","","","","","","","","","",""
"YWCG5D7X","conferencePaper","2025","Liao, Jingyi; Ruttik, Kalle; Jäntti, Riku; Han, Zhu","Data Assisted Backscatter Communications Using DECT-2020 NR+ as Ambient Signal","2025 IEEE 26th International Workshop on Signal Processing and Artificial Intelligence for Wireless Communications (SPAWC)","978-1-6654-7776-5","","10.1109/SPAWC66079.2025.11143257","https://ieeexplore.ieee.org/document/11143257/","The Digital Enhanced Cordless Telecommunications (DECT-2020) New Radio (NR+), standardized by the European Telecommunications Standards Institute (ETSI), addresses International Telecommunication Union (ITU) IMT-2020 requirements for Internet of Things (IoT) and Industrial IoT. Although DECT2020 NR+ offers robust connectivity, it does not support ultra-low power or batteryless operation. The 3rd Generation Partnership Project’s (3GPP’s) Ambient Internet of Things (AIoT) initiative targets ultra-low power IoT devices operating on harvested ambient energy, with backscatter communication as a promising technology. This paper integrates backscatter-based AIoT functionality into DECT networks, leveraging existing DECT transmissions and data-assisted channel estimation to recover backscattered information. An Ambient Backscatter Communication (AmBC) receiver is symbiotically embedded within the DECT receiver, using Received Signal Strength (RSS) of DECT data traffic. We open-sourced the Matlab code for the DECT receiver in a Software-Defined Radio (SDR) platform. Over-theair experiments demonstrate feasibility, achieving Bit Error Rate (BER) performance as low as 0.02 under optimal conditions.","2025-07-07","2026-03-24 13:21:33","2026-07-08 13:44:59","2026-03-24 13:21:33","1-5","","","","","","","","","","","IEEE","Surrey, United Kingdom","en","https://doi.org/10.15223/policy-029","","","","DOI.org (Crossref)","","","","/home/ashuqullah-alizai/snap/zotero-snap/common/Zotero/storage/JKDD6I2G/Liao et al. - 2025 - Data Assisted Backscatter Communications Using DECT-2020 NR+ as Ambient Signal.pdf","","","Wireless networks; Performance evaluation; Receivers; Internet of Things; Artificial intelligence; Software radio; Bit error rate; Telecommunications; Ambient Backscatter Communications; Backscatter; Digital Enhanced Cordless Telecommunication; Low power electronics; Open-source Software; Received Signal Strength; Software-Defined Radio","","","","","","","","","","","","","","","","","","","","","","","","","","","","","","","2025 IEEE 26th International Workshop on Signal Processing and Artificial Intelligence for Wireless Communications (SPAWC)","","","","","","","","","","","","","","",""
"DMK3FLIG","conferencePaper","2025","Bin Asif, Awais; Ahmad, Hassan; Peissig, Jürgen","IRS-Assisted DECT-2020 NR Framework for Ensuring URLLC Constraints in Industrial IoT","2025 21th International Conference on Wireless and Mobile Computing, Networking and Communications (WiMob)","979-8-3503-9281-4","","10.1109/WiMob66857.2025.11257448","https://ieeexplore.ieee.org/document/11257448/","DECT 2020 NR is a Radio Interface Technology (RIT) introduced by ETSI for massive Machine Type Communications (mMTC) and Ultra-Reliable Low Latency Communications (URLLC) use cases. Notably, DECT 2020 NR stands as the sole non-cellular 5G technology apt for industrial IoT (IIoT) scenarios. However, achieving the stringent reliability and latency requirements of URLLC in dense industrial settings poses a significant challenge due to various propagation losses and severe shadowing. In this research work, we propose a novel DECT 2020 NR framework incorporating Intelligent Reflecting Surface (IRS) to meet the challenging URLLC constraints. The framework maps the system model in 3D space, including the 3D mapping of the radiation pattern of IRS, and employs the Separating Axis Theorem (SAT) to systematically identify shadowed regions within this 3D system model and mitigate the identified shadowed areas, leveraging the proposed novel MAC procedure for the IRS-assisted DECT 2020 NR network. Additionally, we propose a resource allocation scheme based on the priority given to radio devices ready to offload the data. Comparative analysis demonstrates that our proposed solution achieves significant improvements in received power, throughput, and reduction in round-trip time (RTT) when compared to both the existing approach and the conventional DECT 2020 NR standard.","2025-10-20","2026-03-24 13:21:35","2026-07-08 13:46:31","2026-03-24 13:21:35","223-230","","","","","","","","","","","IEEE","Marrakesh, Morocco","en","https://doi.org/10.15223/policy-029","","","","DOI.org (Crossref)","","","","/home/ashuqullah-alizai/snap/zotero-snap/common/Zotero/storage/34TG3FGJ/Bin Asif et al. - 2025 - IRS-Assisted DECT-2020 NR Framework for Ensuring URLLC Constraints in Industrial IoT.pdf","","","Throughput; Resource management; Reliability; Ultra reliable low latency communication; URLLC; Standards; Wireless communication; Industrial Internet of Things; DECT 2020 NR; Industrial IoT; IRS; Shadow mapping; Solid modeling; Three-dimensional displays","","","","","","","","","","","","","","","","","","","","","","","","","","","","","","","2025 21th International Conference on Wireless and Mobile Computing, Networking and Communications (WiMob)","","","","","","","","","","","","","","",""
"UUJSLA5A","conferencePaper","2024","Saikko, Antti; Talvitie, Jukka; Valkama, Mikko","Positioning in DECT-2020 NR with Proactive Measurement Selection","2024 International Conference on Localization and GNSS (ICL-GNSS)","979-8-3503-8078-1","","10.1109/ICL-GNSS60721.2024.10578492","https://ieeexplore.ieee.org/document/10578492/","","2024-06-25","2026-03-24 13:21:38","2026-07-08 13:43:53","2026-03-24 13:21:38","1-7","","","","","","","","","","","IEEE","Antwerp, Belgium","en","https://doi.org/10.15223/policy-029","","","","DOI.org (Crossref)","","","","/home/ashuqullah-alizai/snap/zotero-snap/common/Zotero/storage/96LE8VUJ/Saikko et al. - 2024 - Positioning in DECT-2020 NR with Proactive Measurement Selection.pdf","","","Performance evaluation; positioning; DECT-2020 NR; New Radio; Energy consumption; Fisher information; Position measurement; Energy measurement; extended Kalman filter; internet-of-things; Mobility models; non-cellular 5G; Prediction algorithms","","","","","","","","","","","","","","","","","","","","","","","","","","","","","","","2024 International Conference on Localization and GNSS (ICL-GNSS)","","","","","","","","","","","","","","",""
"PM2GGBXM","conferencePaper","2020","Dhanwani, Vishakha; Kumar, Navin; Bachkaniwala, Akhil Kalpesh; Rawal, Divyang; Kumar, Sendil","Assessment of Candidate Technology ETSI: DECT-2020 New Radio","2020 IEEE 3rd 5G World Forum (5GWF)","978-1-7281-7299-6","","10.1109/5GWF49715.2020.9221186","https://ieeexplore.ieee.org/document/9221186/","A number of IMT-2020 candidate technologies including the 3GPP have been submitted to the ITU-R. All candidate technologies are expected to meet the minimum performance requirements set by ITU-R for getting recommended as IMT-2020. In this paper, based on the submissions for Digital Enhanced Cordless Telecommunication (DECT-2020 NR) technology, we have evaluated the performances of latency, reliability and connection density as per ITU-R evaluation methodology. We found that the latency requirements can only be met using half-slot transmissions or HARQ-less full-slot transmission in contrary to the results submitted in the self-evaluation report of the DECT-2020 NR. Due to lack of details in the submissions; like the channel and interference modeling between device to device relaying, scheduling and control of relay propagation direction, we could not conclude whether the DECT-2020 NR can meet the minimum performance requirement of connection density of IMT-2020.","2020-09","2026-03-24 13:21:39","2026-07-08 13:46:39","2026-03-24 13:21:39","625-630","","","","","","Assessment of Candidate Technology ETSI","","","","","IEEE","Bangalore, India","en","https://ieeexplore.ieee.org/Xplorehelp/downloads/license-information/IEEE.html","","","","DOI.org (Crossref)","","","","/home/ashuqullah-alizai/snap/zotero-snap/common/Zotero/storage/6Q8QHIGZ/Dhanwani et al. - 2020 - Assessment of Candidate Technology ETSI DECT-2020 New Radio.pdf","","","Topology; Performance evaluation; Reliability; Ultra reliable low latency communication; Interference; Latency; 5G India Forum; Beamformng; Connection Density; DECT; New Radio; NR; Relays","","","","","","","","","","","","","","","","","","","","","","","","","","","","","","","2020 IEEE 3rd 5G World Forum (5GWF)","","","","","","","","","","","","","","",""
"APYZFG7G","conferencePaper","2025","Asif, Awais Bin; Ahmad, Hassan; Preihs, Stephan; Peissig, Jürgen","URLLC-Based Multi-Hop Communication Using DECT-2020 NR","2025 IEEE Wireless Communications and Networking Conference (WCNC)","979-8-3503-6836-9","","10.1109/WCNC61545.2025.10978532","https://ieeexplore.ieee.org/document/10978532/","DECT-2020 New Radio (NR) is a Radio Interface Technology (RIT) introduced by ETSI for massive Machine Type Communications (mMTC) and Ultra-Reliable Low Latency Communications (URLLC) use cases. A single DECT-2020 NR Radio Device (RD) in Fixed Termination (FT) mode announces radio resources for the connected RDs in Portable Termination (PT) mode. An RD can also operate in both modes simultaneously as an FT/PT. An RD in FT mode is responsible for packet routing for the connected radio devices. However, for multi-hop communication, RDs in FT mode flood the packet, which utilizes more network resources and introduces additional latency. In this paper, we propose a routing procedure for URLLC-based multihop communication using the MAC layer and convergence layer functionalities of DECT-2020 NR. Moreover, we formulate the optimization problem for optimal path selection based on userplane latency, which is our previous contribution to the ETSI self-evaluation technical report of DECT-2020 NR and propose a graph theory-based solution. The investigations demonstrate that an improvement of up to 15% in throughput and a reduction of up to 15% in end-to-end latency is observed in comparison with the standard flooding procedure.","2025-03-24","2026-03-24 13:21:41","2026-07-09 08:58:58","2026-03-24 13:21:41","1-7","","","","","","","","","","","IEEE","Milan, Italy","en","https://doi.org/10.15223/policy-029","","","","DOI.org (Crossref)","","","","/home/ashuqullah-alizai/snap/zotero-snap/common/Zotero/storage/VNIX9XZW/Asif et al. - 2025 - URLLC-Based Multi-Hop Communication Using DECT-2020 NR.pdf","","","Throughput; Ultra reliable low latency communication; URLLC; Standards; Optimization; DECT-2020 NR; Routing; Floods; Spread spectrum communication; Costs; Logic gates; Multi-Hop Commu-; Writing; Multi-Hop Commu","","","","","","","","","","","","","","","","","","","","","","","","","","","","","","","2025 IEEE Wireless Communications and Networking Conference (WCNC)","","","","","","","","","","","","","","",""
"858I8HVP","conferencePaper","2021","Penner, Maxim; Nabeel, Muhammad; Peissig, Jurgen","URLLC Performance Evaluation of IMT-2020 Candidate Technology: DECT-2020 New Radio","2021 IEEE 94th Vehicular Technology Conference (VTC2021-Fall)","978-1-6654-1368-8","","10.1109/VTC2021-Fall52928.2021.9625340","https://ieeexplore.ieee.org/document/9625340/","The European Telecommunications Standards Institute (ETSI) Technical Committee (TC) Digital Enhanced Cordless Telecommunications (DECT) and DECT forum have recently introduced DECT-2020 New Radio (NR) as an International Mobile Telecommunications 2020 (IMT-2020) candidate technology for the massive Machine Type Communications (mMTC) and Ultra Reliable Low Latency Communications (URLLC) use cases. To consider DECT-2020 NR as an IMT-2020 technology, the International Telecommunication Union, Radiocommunication Sector (ITU-R) has determined different independent evaluation groups to assess its performance against the IMT-2020 requirements. These independent evaluation groups are now in the process of investigating DECT-2020 NR. In order to successfully assess a technology, one important aspect is to fully understand the underlying physical layer and its performance in different environments. Therefore, in this paper, we ﬁrst focus on the physical layer of DECT-2020 NR and investigate its linklevel performance with standard channel models provided by the ITU-R for evaluation. We then use these link-level results to perform system-level evaluation of DECT-2020 NR for its suitability for the URLLC use case of Fifth Generation (5G). By performing extensive simulations, we show that DECT-2020 NR is well suited for URLLC. The results presented in this work will be beneﬁcial for the independent evaluation groups and researchers as these results can help calibrating their physical layer performance curves and in comparing the system-level performance of DECT-2020 NR.","2021-09","2026-03-24 13:21:43","2026-07-08 13:44:08","2026-03-24 13:21:43","1-7","","","","","","URLLC Performance Evaluation of IMT-2020 Candidate Technology","","","","","IEEE","Norman, OK, USA","en","https://ieeexplore.ieee.org/Xplorehelp/downloads/license-information/IEEE.html","","","","DOI.org (Crossref)","","","","/home/ashuqullah-alizai/snap/zotero-snap/common/Zotero/storage/WGN3S8JI/Penner et al. - 2021 - URLLC Performance Evaluation of IMT-2020 Candidate Technology DECT-2020 New Radio.pdf","","","Ultra reliable low latency communication; Physical layer; New Radio; Vehicular and wireless technologies; ETSI; Spatial diversity; Transceivers","","","","","","","","","","","","","","","","","","","","","","","","","","","","","","","2021 IEEE 94th Vehicular Technology Conference (VTC2021-Fall)","","","","","","","","","","","","","","",""
"7CJQILKE","conferencePaper","2024","Kizilirmak, Refik Caglar; Askarov, Satzhan","Examination of PHY Layer Features in DECT-2020 and LTE-M Networks","2024 IEEE 10th Information Technology International Seminar (ITIS)","979-8-3315-2129-5","","10.1109/ITIS64716.2024.10845321","https://ieeexplore.ieee.org/document/10845321/","This paper provides a comparative analysis of the physical layer (PHY) characteristics of DECT-2020 NR and LTE-M, two critical standards for IoT communication. DECT-2020 NR, developed by ETSI, is intended for industrial IoT applications and provides low-latency, reliable communication in high-density environments. In contrast, LTE-M, which is a member of the 3GPP family, is designed to provide broad coverage, energy efﬁciency, and mobility support for low-power devices. The study emphasizes the distinctions between the standards regarding data rates, modulation schemes, and frequency bands, displaying how each standard fulﬁlls speciﬁc IoT requirements. Furthermore, it highlights the complementing characteristics of DECT-2020 NR and LTE-M, by providing performance insights such as bit-error rate (BER) analysis and spectral efﬁciency.","2024-11-06","2026-03-24 13:21:44","2026-07-08 13:45:11","2026-03-24 13:21:44","200-204","","","","","","","","","","","IEEE","Surabaya, Indonesia","en","https://doi.org/10.15223/policy-029","","","","DOI.org (Crossref)","","","","/home/ashuqullah-alizai/snap/zotero-snap/common/Zotero/storage/3HPWGLXZ/Kizilirmak and Askarov - 2024 - Examination of PHY Layer Features in DECT-2020 and LTE-M Networks.pdf","","","Performance evaluation; Reliability; Standards; Industrial Internet of Things; Low latency communication; Energy efficiency; Numerical simulation; DECT-2020 NR; Physical layer; IoT; LTE-M; Seminars; Spectral efficiency","","","","","","","","","","","","","","","","","","","","","","","","","","","","","","","2024 IEEE 10th Information Technology International Seminar (ITIS)","","","","","","","","","","","","","","",""
"MGGDFGYK","journalArticle","2025","Saikko, Antti; Talvitie, Jukka; Säe, Joonas; Pirskanen, Juho; Valkama, Mikko","Positioning and Tracking in DECT-2020 NR With Proactive Anchor Selection for Range, Angle, and RSS Measurements","IEEE Journal of Indoor and Seamless Positioning and Navigation","","2832-7322","10.1109/JISPIN.2025.3559907","https://ieeexplore.ieee.org/document/10963685/","This article addresses efﬁcient positioning and user device tracking in Internet-of-Things (IoT) networks with particular focus on the new DECT-2020 New Radio standard—the ﬁrst noncellular 5G technology standard in the world. Stemming from fundamental performance requirements of IoT networks, for example, related to energy consumption, latency, and reliability, it is important to utilize available radio resources efﬁciently, while avoiding redundant transmissions and signaling. In this article, we extend our earlier proposed tracking-based positioning solution, which utilized Fisher information to select the most beneﬁcial range and angle measurements, to cover also received signal strength (RSS)-based measurements and particle ﬁlter-based solutions. By exploiting prior information inherited from trackingbased positioning solutions, it is possible to proactively select the most valuable positioning measurements, and thus save valuable effort and time in acquiring and processing positioning measurements without sacriﬁcing the positioning performance in practice. Through extensive numerical evaluations, considering range, angle, and RSS measurements, we show that the proposed anchor selection method is able to outperform the traditional signal-to-noise ratio-based measurement selection approach, while enabling positioning with a smaller number of measurements. In addition, we illustrate the effect of prior information quality on the proposed method performance by varying the measurement interval in the tracking process. The numerical results show that when only two anchors are utilized, approximately up to 10%–50% reduction in positioning root-mean-square error can be achieved depending on the considered measurement type.","2025","2026-03-24 13:21:47","2026-07-08 13:45:49","2026-03-24 13:21:47","70-80","","","3","","J. Ind. Sea. Pos. Nav.","","","","","","","","en","https://creativecommons.org/licenses/by/4.0/legalcode","","","","DOI.org (Crossref)","","","","/home/ashuqullah-alizai/snap/zotero-snap/common/Zotero/storage/S8FPLZNE/Saikko et al. - 2025 - Positioning and Tracking in DECT-2020 NR With Proactive Anchor Selection for Range, Angle, and RSS M.pdf","","","OFDM; positioning; New Radio; Atmospheric measurements; Digital Enhanced Cordless Telecommunications—2020 New Radio (DECT-2020 NR); Estimation; extended Kalman filter (EKF); Fisher information; Internet-of-Things (IoT); Measurement uncertainty; Navigation; noncellular 5G; particle filter; Particle filters; Particle measurements; Position measurement; Time measurement; tracking","","","","","","","","","","","","","","","","","","","","","","","","","","","","","","","","","","","","","","","","","","","","","",""
"U6BXEKCC","preprint","2021","Penner, Maxim; Nabeel, Muhammad; Peissig, Jürgen","Link-Level Performance Evaluation of IMT-2020 Candidate Technology: DECT-2020 New Radio","","","","10.48550/arXiv.2104.08549","http://arxiv.org/abs/2104.08549","The ETSI has recently introduced the DECT-2020 New Radio (NR) as an IMT-2020 candidate technology for the mMTC and URLLC use cases. To consider DECT-2020 NR as an IMT-2020 technology, the ITU-R has determined different independent evaluation groups to assess its performance against the IMT-2020 requirements. These independent evaluation groups are now in process of investigating the DECT-2020 NR. In order to successfully assess a technology, one important aspect is to fully understand the underlying physical layer and its performance in different environments. Therefore, in this paper, we focus on the physical layer of DECT-2020 NR and investigate its link-level performance with standard channel models provided by the ITUR for evaluation. We perform extensive simulations to analyze the performance of DECT-2020 NR for both URLLC and mMTC use cases. The results presented in this work are beneﬁcial for the independent evaluation groups and researchers as these results can help calibrating their physical layer performance curves. These results can also be used directly for future system-level evaluations of DECT-2020 NR.","2021-04-17","2026-03-24 13:21:49","2026-07-08 13:45:52","2026-03-24 13:21:49","","","","","","","Link-Level Performance Evaluation of IMT-2020 Candidate Technology","","","","","arXiv","","en","","","","","arXiv.org","","arXiv:2104.08549 [cs]","Comment: 6 pages, 5 figures, 3 tables; Comment: 6 pages, 5 figures, 3 tables","/home/ashuqullah-alizai/snap/zotero-snap/common/Zotero/storage/BZBCQNJ2/Penner et al. - 2021 - Link-Level Performance Evaluation of IMT-2020 Candidate Technology DECT-2020 New Radio.pdf; /home/ashuqullah-alizai/snap/zotero-snap/common/Zotero/storage/QAI7NMHY/2104.html","","","Computer Science - Networking and Internet Architecture","","","","","","","","","","","","","","","","","","","arXiv:2104.08549","","","","","","","","","","","","","","","","","","","","","","","","","","",""
"36WDG65A","journalArticle","2022","Kovalchukov, Roman; Moltchanov, Dmitri; Pirskanen, Juho; Sae, Joonas; Numminen, Jussi; Koucheryavy, Yevgeni; Valkama, Mikko","DECT-2020 New Radio: The Next Step toward 5G Massive Machine-Type Communications","IEEE Communications Magazine","","0163-6804, 1558-1896","10.1109/MCOM.001.2100375","https://ieeexplore.ieee.org/document/9799793/","Massive machine type communications (mMTC) is one of the cornerstone services that must be supported by 5G systems. 3GPP has already introduced LTE-M and NB-IoT, referred to as cellular IoT (CIoT), in 3GPP Releases 13, 14, and 15, and submitted these technologies as part of 3GPP’s IMT-2020 technology submission to ITU-R. Even though NB-IoT and LTE-M have been shown to satisfy 5G mMTC requirements, it is expected that these CIoT solutions will not address all aspects of IoT and ongoing digitalization, including the support for direct communication between ”things” with flexible deployments, different business models, as well as support for even higher node densities and enhanced coverage. In this article, we first describe the Digital Enhanced Cordless Telecommunications (DECT) DECT-2020 standard recently published by ETSI for mMTC communications. We then evaluate its performance and compare it to the existing low-power wide area network solutions, showing that it outperforms those in terms of supported density of nodes while keeping delay and loss guarantees at the required level.","2022-06","2026-03-24 13:21:51","2026-07-08 13:45:09","2026-03-24 13:21:51","58-64","","6","60","","IEEE Commun. Mag.","DECT-2020 New Radio","","","","","","","en","https://ieeexplore.ieee.org/Xplorehelp/downloads/license-information/IEEE.html","","","","DOI.org (Crossref)","","","","/home/ashuqullah-alizai/snap/zotero-snap/common/Zotero/storage/42VHUM48/Kovalchukov et al. - 2022 - DECT-2020 New Radio The Next Step toward 5G Massive Machine-Type Communications.pdf","","","3GPP; 5G mobile communication; Internet of Things; Routing; Low-power wide area networks; Massive machine type communication; Network topology; Urban areas","","","","","","","","","","","","","","","","","","","","","","","","","","","","","","","","","","","","","","","","","","","","","",""
"X78LTGNT","conferencePaper","2024","Ahmad, Hassan; Asif, Awais Bin; Peissig, Jürgen; Penner, Maxim","MAC Protocol for Reducing Outage Probability in DECT-2020 New Radio","2024 20th International Conference on Wireless and Mobile Computing, Networking and Communications (WiMob)","979-8-3503-8744-5","","10.1109/WiMob61911.2024.10770522","https://ieeexplore.ieee.org/document/10770522/","DECT-2020 New Radio (NR) is a Radio Interface Technology (RIT) recognized for fulfilling the requirements of IMT-2020 Ultra Reliable Low Latency Communications (URLLC) and massive Machine Type Communications (mMTC) application scenarios. A single DECT-2020 NR Radio Device (RD) in Fixed Termination (FT) mode announces the radio resources, while other RDs in Portable Termination (PT) mode directly connect to it. A single RD can also operate in both modes simultaneously as an FT/PT. In this research work, we consider the requirement of an ultra-reliable DECT-2020 NR private network with a limited number of RDs in a given Region Of Interest (ROI) and propose a Medium Access Control (MAC) protocol to reduce the outage probability by exploiting the FT/PT mode functionality of an RD. We utilize the Cluster and Network Beacon Messages periodically transmitted by the FT to prompt connected PTs to change to FT/PT mode and route the data for a specific RD positioned in an outage location, ensuring an outage rate of less than 1% in the ROI. Furthermore, we demonstrate the effectiveness of our proposed technique through event-based simulations.","2024-10-21","2026-03-24 13:21:53","2026-07-09 08:58:47","2026-03-24 13:21:53","42-49","","","","","","","","","","","IEEE","Paris, France","en","https://doi.org/10.15223/policy-029","","","","DOI.org (Crossref)","","","","/home/ashuqullah-alizai/snap/zotero-snap/common/Zotero/storage/UKHUIUHG/Ahmad et al. - 2024 - MAC Protocol for Reducing Outage Probability in DECT-2020 New Radio.pdf","","","5G; Ultra reliable low latency communication; URLLC; Power system reliability; Probability; Wireless communication; Network coding; New Radio; coverage; DECT-2020; Event detection; MAC; outage rate; Planning; Routing; Routing protocols; Simulation; TDMA","","","","","","","","","","","","","","","","","","","","","","","","","","","","","","","2024 20th International Conference on Wireless and Mobile Computing, Networking and Communications (WiMob)","","","","","","","","","","","","","","",""
"FR43VRWU","conferencePaper","2021","Singhwi, Tanmay; Andra, Samya; Seelam, Sai Jaswanth; Makkar, Rahul; Rawal, Divyang; Sharma, Nikhil","DECT-2020 New Radio System Level Assessment for Multi-Hop Assisted mMTC usage Scenario","2021 IEEE International Conference on Advanced Networks and Telecommunications Systems (ANTS)","978-1-6654-4893-2","","10.1109/ANTS52808.2021.9936990","https://ieeexplore.ieee.org/document/9936990/","All the candidate technologies submitted to the ITUR are expected to meet the minimum performance requirements for getting recommended as IMT-2020. This paper considered a submission for digital enhanced cordless telecommunication new radio (DECT-2020 NR) technology evaluation. We proposed various approaches for relay selection, channel/frequency allocation for the relay and device association with relays for massive machine type communication (mMTC) scenario based on DECT2020 NR speciﬁcations. These approaches are compared based on SINR received by the users. Simulation results conclude that the angles based approach is the most optimal method for relay selection and device association. For an average percentile of users, a difference of 7dB can be observed between the worst and best approach.","2021-12-13","2026-03-24 13:21:55","2026-07-08 13:43:36","2026-03-24 13:21:55","1-6","","","","","","","","","","","IEEE","Hyderabad, India","en","https://doi.org/10.15223/policy-029","","","","DOI.org (Crossref)","","","","/home/ashuqullah-alizai/snap/zotero-snap/common/Zotero/storage/7GTJ7QUE/Singhwi et al. - 2021 - DECT-2020 New Radio System Level Assessment for Multi-Hop Assisted mMTC usage Scenario.pdf","","","5G; Performance evaluation; Interference; New Radio; Simulation; Massive machine type communications; digital enhanced cordless telecommunication (DECT); Telecommunications; Communications technology; massive machine type communication (mMTC)","","","","","","","","","","","","","","","","","","","","","","","","","","","","","","","2021 IEEE International Conference on Advanced Networks and Telecommunications Systems (ANTS)","","","","","","","","","","","","","","",""
"LQ4H8UI3","conferencePaper","2024","Llaguno, Endika; Pretel, Ivan; Angueira, Pablo; Montalban, Jon","Physical Layer Performance of DECT-2020 New Radio for Factory Automation","2024 IEEE 20th International Conference on Factory Communication Systems (WFCS)","979-8-3503-1934-7","","10.1109/WFCS60972.2024.10540949","https://ieeexplore.ieee.org/document/10540949/","Derived from the work at IMT-2020, the standard DECT2020-NR provides non-cellular communication solutions for applications requiring strict latency and reliability for flexible and adaptive deployments. Examples include industrial and audiovisual communications. This work-in-progress analyzes the physical layer performance of DECT2020-NR in an industrial environment. Different types of communication links are considered and various propagation channel conditions and system configurations are simulated. The results obtained confirm the need for a MAC access layer with link control techniques to ensure the reliability requirements of industrial applications.","2024-04-17","2026-03-24 13:21:57","2026-07-09 08:58:20","2026-03-24 13:21:57","1-4","","","","","","","","","","","IEEE","Toulouse, France","en","https://doi.org/10.15223/policy-029","","","","DOI.org (Crossref)","","","","/home/ashuqullah-alizai/snap/zotero-snap/common/Zotero/storage/RB8UVIUA/Llaguno et al. - 2024 - Physical Layer Performance of DECT-2020 New Radio for Factory Automation.pdf; /home/ashuqullah-alizai/snap/zotero-snap/common/Zotero/storage/254IHHZW/85195415247.html","","","5G; Reliability; URLLC; Standards; Production facilities; mMTC; Communication systems; DECT-2020NR; Factory Automation; Manufacturing automation; Physical layer","","","","","","","","","","","","","","","","","","","","","","","","","","","","","","","2024 IEEE 20th International Conference on Factory Communication Systems (WFCS)","","","","","","","","","","","","","","",""
"AVF7XN9H","conferencePaper","2025","Ahmad, Hassan; Bin Asif, Awais; Poets, Alexander; Peissig, Jürgen","MAC-Layer Protocol for Ultra-Reliable Multi-Hop Communication in DECT-2020 NR IIoT Networks","2025 21th International Conference on Wireless and Mobile Computing, Networking and Communications (WiMob)","979-8-3503-9281-4","","10.1109/WiMob66857.2025.11257485","https://ieeexplore.ieee.org/document/11257485/","DECT-2020 New Radio (NR) is a Radio Interface Technology (RIT) that meets the IMT-2020 requirements for UltraReliable Low-Latency Communications (URLLC) and massive Machine-Type Communications (mMTC). ITU-R approval was gained by the end of 2021, and it remains the only non-cellular 5G technology to date. This work presents an enhanced Medium Access Control (MAC) protocol that utilizes the mesh-networking capability of DECT-2020 NR, extending the procedures and MAC messages beyond the standard. The protocol dynamically assigns radio devices (RDs) the role of intermediate nodes for routing data to RDs in locations prone to outages, thereby reducing the outage rate to below 1% and expanding the network’s coverage area. Furthermore, event-based simulations demonstrate the protocol’s potential to enable ultra-reliable 5G private networks, positioning DECT-2020 NR as a promising candidate for evolving into a 6G wireless technology in future releases of the standard.","2025-10-20","2026-03-24 13:21:59","2026-07-08 13:46:04","2026-03-24 13:21:59","1-8","","","","","","","","","","","IEEE","Marrakesh, Morocco","en","https://doi.org/10.15223/policy-029","","","","DOI.org (Crossref)","","","","/home/ashuqullah-alizai/snap/zotero-snap/common/Zotero/storage/R2Z7JB5K/Ahmad et al. - 2025 - MAC-Layer Protocol for Ultra-Reliable Multi-Hop Communication in DECT-2020 NR IIoT Networks.pdf","","","5G; Protocols; Wireless networks; Ultra reliable low latency communication; URLLC; 6G; Standards; Industrial Internet of Things; 6G mobile communication; New Radio; DECT-2020; Event detection; MAC; Routing; TDMA; Media Access Control; Coverage; Future Wireless Networks; Outage Rate","","","","","","","","","","","","","","","","","","","","","","","","","","","","","","","2025 21th International Conference on Wireless and Mobile Computing, Networking and Communications (WiMob)","","","","","","","","","","","","","","",""
"VGBHBM2G","conferencePaper","2025","Poets, Alexander; Mergler, Iwo; Penner, Maxim; Waßmann, Mattes; Preihs, Stephan; Peissig, Jürgen","Professional Networked Audio over DECT NR+: Feasibility and Performance","2025 IEEE 6th International Symposium on the Internet of Sounds (IS2)","979-8-3315-7294-5","","10.1109/IS264627.2025.11284656","https://ieeexplore.ieee.org/document/11284656/","DECT NR+, also known by its official designation DECT-2020 NR, is a new radio standard developed and maintained by the European Telecommunications Standards Institute (ETSI). It is the world’s first non-cellular 5G technology and fulfils the IMT-2020 requirements for both massive Machine Type Communications (mMTC) and Ultra-Reliable and Low Latency Communications (URLLC). The latter makes it a promising candidate for applications from the Programme Making and Special Events (PMSE) sector. In this paper, we investigate the feasibility of using DECT NR+ as a cable replacement solution for networked audio systems, with Dante serving as an example. Dante is an AV connectivity platform developed by Audinate that has become the de facto industry standard for digital audio networking. Using an open-source Software-Defined Radio (SDR) implementation of DECT NR+, we set up a wireless link between two Dante-enabled devices. Based on the metrics reported to Dante Controller, we assess the performance of Dante in the DECT NR+ wireless network and demonstrate that an average one-way latency of 1.7 ms can be achieved.","2025-10-29","2026-03-24 13:22:03","2026-07-08 13:44:05","2026-03-24 13:22:03","1-8","","","","","","Professional Networked Audio over DECT NR+","","","","","IEEE","L'Aquila, Italy","en","https://doi.org/10.15223/policy-029","","","","DOI.org (Crossref)","","","","/home/ashuqullah-alizai/snap/zotero-snap/common/Zotero/storage/4WISV39Q/Poets et al. - 2025 - Professional Networked Audio over DECT NR+ Feasibility and Performance.pdf","","","5G; 5G mobile communication; Industries; Wireless networks; Performance evaluation; Ultra reliable low latency communication; URLLC; Standards; NR+; DECT-2020; Dante; ETSI; Internet; Massive machine type communications; PMSE; Software radio","","","","","","","","","","","","","","","","","","","","","","","","","","","","","","","2025 IEEE 6th International Symposium on the Internet of Sounds (IS2)","","","","","","","","","","","","","","",""
"S8BDF5F8","conferencePaper","2021","Soni, Sandhya; Makkar, Rahul; Singhwi, Tanmay; Rawal, Divyang; Sharma, Nikhil; Minz, Laxmikant","On Performance of multi-hop assisted mMTC for DECT-2020 New Radio System","2021 International Conference on Information and Communication Technology Convergence (ICTC)","978-1-6654-2383-0","","10.1109/ICTC52510.2021.9620940","https://ieeexplore.ieee.org/document/9620940/","Digital enhanced cordless telecommunication new radio (DECT-2020 NR) is one of the candidate technology which fulﬁls the minimum requirements to serve as ﬁfth-generation (5G) standardization. It accomplishes one of the performance requirements for massive machine-type communications (mMTC) by enabling a high connection density, i.e. up to 1-million devices/km2. Reliable communication over such massive connections is achieved through a multi-hop relay system. This paper analyzes the link-level performance of DECT-2020 NR standards for mMTC using a multi-hop decode-and-forward (DF) relaying system for the outage probability and bit error rate (BER) performance metrics. Simulation results show the performance improvement in outage probability over various transmission rates, hops and signal-to-interference-plus-noise ratio (SINR). The numerical results corroborate with Monte-Carlo simulation results. Also, the link performance in terms of BER is compared for Turbo codes with puncturing.","2021-10-20","2026-03-24 13:22:05","2026-07-08 13:43:24","2026-03-24 13:22:05","984-988","","","","","","","","","","","IEEE","Jeju Island, Korea, Republic of","en","https://ieeexplore.ieee.org/Xplorehelp/downloads/license-information/IEEE.html","","","","DOI.org (Crossref)","","","","/home/ashuqullah-alizai/snap/zotero-snap/common/Zotero/storage/L3TGJT6R/Soni et al. - 2021 - On Performance of multi-hop assisted mMTC for DECT-2020 New Radio System.pdf","","","5G; outage probability; multi-hop; digital enhanced cordless telecommunication (DECT); new radio (NR)","","","","","","","","","","","","","","","","","","","","","","","","","","","","","","","2021 International Conference on Information and Communication Technology Convergence (ICTC)","","","","","","","","","","","","","","",""
"VDCWEJB3","bookSection","2024","Stiller, Burkhard; Schiller, Eryk; Schmitt, Corinna","Wireless Communication (Short Range and Long Range incl. LPWAN)","Springer Handbook of Internet of Things","978-3-031-39649-6 978-3-031-39650-2","","10.1007/978-3-031-39650-2_9","https://link.springer.com/10.1007/978-3-031-39650-2_9","This chapter classiﬁes communication technologies employed in the Internet of Things (IoT) as infrastructure, data, transport, discovery, messaging, and management protocol families and semantics and frameworks. Moreover, IoT networks are divided into IP and constrained networks with the latter not directly supporting the Transmission Control Protocol (TCP) and Internet Protocol (IP) stack on IoT devices. Furthermore, another distinction is considered dividing networks into personal (PAN), local (LAN), and wide (WAN) area Networks. Finally, here selected communication technologies are characterized according to the aforementioned classiﬁers and important aspects of select technologies are discussed in the remainder of this chapter.","2024","2026-03-24 13:22:07","2026-07-08 13:43:18","2026-03-24 13:22:07","165-192","","","","","","","","","","","Springer International Publishing","Cham","en","","","","","DOI.org (Crossref)","","Series Title: Springer Handbooks","","/home/ashuqullah-alizai/snap/zotero-snap/common/Zotero/storage/L5UJ2RRJ/Stiller et al. - 2024 - Wireless Communication (Short Range and Long Range incl. LPWAN).pdf","","","5G; IEEE 802.11; DECT-2020 NR; LoRa; 1G; 2G; 3G; 4G; 6LoWPAN; BLIP; Bluetooth; DASH7; IEEE 802.15.4; LAN; LTE Cat. 0; LTE Cat. M; LTE Cat. M1; LTE Cat. N; MAN; NB-IoT; NFC; PAN; RFID; Sigfox; WAN; ZigBee","Ziegler, Sébastien; Radócz, Renáta; Quesada Rodriguez, Adrian; Matheu Garcia, Sara Nieves","","","","","","","","","","","","","","","","","","","","","","","","","","","","","","","","","","","","","","","","","","","","",""
"6GDXQ8AV","journalArticle","2026","Nikolaev, Dmitry; Zhivtsova, Anna; Matyushenko, Sergey; Gaidamaka, Yuliya; Koucheryavy, Yevgeni","Modeling DECT-2020 as a Tandem Queueing System and Its Application to the Peak Age of Information Analysis","Mathematics","","2227-7390","10.3390/math14010186","https://www.mdpi.com/2227-7390/14/1/186","The Peak Age of Information (PAoI) quantifies the freshness of updates used in cyberphysical systems (CPSs), realized within the Internet of Things (IoT) paradigm, encompassing devices, networks, and control algorithms. Consequently, PAoI is a critical metric for real-time applications enabled by Ultra-Reliable Low Latency Communication (URLLC). While highly useful for system evaluation, the direct analysis of this metric is complicated by the correlation between the random variables constituting the PAoI. Thus, it is often evaluated using only the mean value rather than the full distribution. Furthermore, since CPS communication technologies like Wi-Fi or DECT-2020 involve multiple processing stages, modeling them as tandem queueing systems is essential for accurate PAoI analysis. In this paper, we develop an analytical model for a DECT-2020 network segment represented as a two-phase tandem queueing system, enabling detailed PAoI analysis via Laplace–Stieltjes transforms (LST). We circumvent the dependence between generation and sojourn times by classifying updates into four mutually exclusive groups. This approach allows us to derive the LST of the PAoI and determine the exact Probability Density Function (PDF) for M|M|1 → M|M|1 system. We also calculate the mean and variance of the PAoIs and validate our results through numerical experiments. Additionally, we evaluate the impact of different service time distributions on PAoI variability. These findings contribute to the theoretical understanding of PAoI in tandem queueing systems and provide practical insights for optimizing DECT-2020-based communication systems.","2026-01-04","2026-03-24 13:22:10","2026-07-08 13:44:22","2026-03-24 13:22:10","186","","1","14","","Mathematics","","","","","","","","en","","","","","DOI.org (Crossref)","","","","/home/ashuqullah-alizai/snap/zotero-snap/common/Zotero/storage/6ERLLMI7/Nikolaev et al. - 2026 - Modeling DECT-2020 as a Tandem Queueing System and Its Application to the Peak Age of Information An.pdf","","","Internet of Things; DECT-2020; automatic control; cyber–physical system; information freshness; Laplace–Stieltjes transforms; PAoI; peak age of information; probability distribution; queueing theory; tandem queueing system","","","","","","","","","","","","","","","","","","","","","","","","","","","","","","","","","","","","","","","","","","","","","",""
"MASD2AVU","conferencePaper","2024","Biswas, Ritayan; Säe, Joonas; Pirskanen, Juho; Lempiäinen, Jukka","Reliable and Low-Latency Communications for Critical Infrastructures Utilizing Wireless Mesh Networks","2024 International Conference on Computing, Networking and Communications (ICNC)","979-8-3503-7099-7","","10.1109/ICNC59896.2024.10556213","https://ieeexplore.ieee.org/document/10556213/","The purpose of this paper is to evaluate the applicability of wireless mesh networks as a suitable alternative to traditional mobile networks for the monitoring and protection of critical infrastructures. Present-day mobile networks have to handle a large amount of data due to the increase in the need for mobile broadband and the number of users. Therefore, monitoring critical infrastructures exerts an additional load on the existing networks. Thus, the applicability of wireless mesh networks (operating at independent frequency bands) is investigated to determine if they are capable of protecting and monitoring critical infrastructures such as smart grids. The reliability and latency of optimally tuned wireless mesh networks free of other network traffic are studied with the help of simulations based on the DECT-2020 NR standard. It is observed that reliable communications can be realized, however, the end-to-end latency of the network increases with the number of hops and re-transmissions. The user plane latency varies between 10.55 ms to 25.07 ms over five hops and between 15.55 ms to 38.78 ms over eight hops based on the size of the packet. Furthermore, there is a 1.2 to 2 times increment in the latency with each re-transmission. Therefore, a trade-off is necessary to achieve ultra-reliable low-latency communications utilizing wireless mesh networks for monitoring and protection of critical infrastructures.","2024-02-19","2026-03-24 13:22:52","2026-07-08 13:46:28","2026-03-24 13:22:52","100-105","","","","","","","","","","","IEEE","Big Island, HI, USA","en","https://doi.org/10.15223/policy-029","","","","DOI.org (Crossref)","","","","/home/ashuqullah-alizai/snap/zotero-snap/common/Zotero/storage/ED2QW6ZW/Biswas et al. - 2024 - Reliable and Low-Latency Communications for Critical Infrastructures Utilizing Wireless Mesh Network.pdf; /home/ashuqullah-alizai/snap/zotero-snap/common/Zotero/storage/NWBVSV29/Biswas et al. - 2024 - Reliable and Low-Latency Communications for Critical Infrastructures Utilizing Wireless Mesh Network.pdf","","","Delays; Ultra reliable low latency communication; URLLC; Telecommunication traffic; Robustness; Wireless mesh networks; Critical infrastructure; low-latency; reliable communications; Smart grids; wireless mesh networks","","","","","","","","","","","","","","","","","","","","","","","","","","","","","","","2024 International Conference on Computing, Networking and Communications (ICNC)","","","","","","","","","","","","","","",""
"T4KRA78H","conferencePaper","2023","Smida, Oussama Ben; Amor, Souheib Ben; Affes, Sofiène","ETSI/DECT-2020 Component RIT Technology Implementation and Evaluation Contributions in mMTC and URLLC Use Cases","ICC 2023 - IEEE International Conference on Communications","978-1-5386-7462-8","","10.1109/ICC45041.2023.10279025","https://ieeexplore.ieee.org/document/10279025/","We propose a comprehensive evaluation of ETSI/DECT-2020 New Radio (NR) as an IMT-2020 candidate technology for the mMTC (connection density) and URLLC (reliability) use cases. Several independent evaluation groups assessed DECT-2020 NR performance against the IMT-2020 requirements and INRS played a key role within the Canadian Evaluation Group (CEG) in evaluating the technology via simulation. In order to develop 5G link- and system-level simulators, it is necessary to identify and understand all key characteristics of DECT technology. Nevertheless, the mMTC use case offers D2D communications, which made simulation analysis extremely cumbersome. In this paper, we also explain the different maneuvers in order to fasten the simulations and reduce complexity while respecting all DECT speciﬁcations. Simulation results provided from link- and system-level simulations for both URLLC and mMTC use cases show that DECT-2020 component RIT meets the IMT-2020 requirements.","2023-05-28","2026-03-24 13:22:55","2026-07-08 13:43:34","2026-03-24 13:22:55","1462-1467","","","","","","","","","","","IEEE","Rome, Italy","en","https://doi.org/10.15223/policy-029","","","","DOI.org (Crossref)","","","","/home/ashuqullah-alizai/snap/zotero-snap/common/Zotero/storage/MCC9WGJN/Smida et al. - 2023 - ETSIDECT-2020 Component RIT Technology Implementation and Evaluation Contributions in mMTC and URLL.pdf","","","5G; Ultra reliable low latency communication; New Radio; Simulation; Estimation; channel mismatch; channels estimation errors; Complexity theory; Connection density (mMTC); D2D; Device-to-device communication; direction-of-arrival (DoA); Direction-of-arrival estimation; ETSI/DECT; implementation impairments; localization; Reliability (URLLC); synchronization; Technology evaluation","","","","","","","","","","","","","","","","","","","","","","","","","","","","","","","ICC 2023 - IEEE International Conference on Communications","","","","","","","","","","","","","","",""
"SHTMMG78","conferencePaper","2023","Soni, Sandhya; Makkar, Rahul; Rawal, Divyang; Sharma, Nikhil","Link-Level Assessment of NOMA Aided Multi-hop DECT-2020 New Radio for mMTC Applications","2023 International Conference on Information Networking (ICOIN)","978-1-6654-6268-6","","10.1109/ICOIN56518.2023.10048900","https://ieeexplore.ieee.org/document/10048900/","Digital enhanced cordless telecommunication-2020 new radio (DECT-2020 NR) is an essential part of the fifth generation (5G) standards proposed by the international telecommunication union (ITU). With an achievable density of approximately one million connections per square km, it is a potential candidate which promises to fill in the actual gap in the wireless internet of things (IoT) market for the massive machine-type communications (mMTC). In this paper, we explore a non-orthogonal multiple access (NOMA) assisted cooperative multi-hop (MH) relaying system for DECT-2020 NR system for mMTC applications. The use of cooperative multi-hop (MH) relaying system allows a reliable long-haul communication system and further the use of NOMA scheme helps in achieving a better spectral efficiency and massive connectivity. The link level evaluation of the proposed system is carried out for the proposed NOMA aided MH DECT-2020 NR system and further error rate analysis is presented in terms of outage probability and the bit error rate (BER). Monte-Carlo simulations further corroborate the correctness of the analytical findings.","2023-01-11","2026-03-24 13:22:57","2026-07-08 13:43:28","2026-03-24 13:22:57","478-482","","","","","","","","","","","IEEE","Bangkok, Thailand","en","https://doi.org/10.15223/policy-029","","","","DOI.org (Crossref)","","","","/home/ashuqullah-alizai/snap/zotero-snap/common/Zotero/storage/ZPTZ8RI2/Soni et al. - 2023 - Link-Level Assessment of NOMA Aided Multi-hop DECT-2020 New Radio for mMTC Applications.pdf","","","NOMA; Wireless communication; ITU; Spectral efficiency; Simulation; multi-hop; Bit error rate; Spread spectrum communication; Decode-and-forward; digital enhanced cordless telecommunication-2020 new radio; massive machine-type communication; non-orthogonal multiple access","","","","","","","","","","","","","","","","","","","","","","","","","","","","","","","2023 International Conference on Information Networking (ICOIN)","","","","","","","","","","","","","","",""
"UUN5YCEM","conferencePaper","2022","Nihtila, Timo; Taipale, Tarmo","Energy Saving Router Rotation Protocol for DECT-2020 NR","2022 18th International Conference on Wireless and Mobile Computing, Networking and Communications (WiMob)","978-1-6654-6975-3","","10.1109/WiMob55322.2022.9941639","https://ieeexplore.ieee.org/document/9941639/","ETSI DECT-2020 New Radio (NR) is a new flexible radio interface targeted to support a broad range of wireless Internet of Things (IoT) applications. It has been shown to fulfill both massive machine-type communications (mMTC) and ultra-reliable low latency communications (URLLC) requirements for 5th generation (5G) networks. DECT-2020 NR is an autonomous wireless mesh network protocol where the devices can choose to become routers, forwarding the data of other devices in addition to their own data. Thus, a wireless mesh network does not need separate base stations or a core network architecture to extend coverage. This makes the deployment of DECT-2020 NR networks easy, but with the cost of increased energy consumption in the router nodes. Notably, the same energy consumption is not inflicted upon the non-routing leaf nodes whose operation is on the contrary very energy efficient. This role-induced disparity in node energy consumption results in the network not using the energy of its devices with maximal efficiency. A method to alleviate this problem could be a network rotation in which the roles of network nodes are periodically rotated and the energy consumption is thus distributed more evenly among the nodes. In this paper we propose a role rotation protocol for DECT-2020 NR and evaluate its impact to the expected lifetime and the performance of the network by system level simulations.","2022-10-10","2026-03-24 13:23:00","2026-07-08 13:44:41","2026-03-24 13:23:00","69-74","","","","","","","","","","","IEEE","Thessaloniki, Greece","en","https://doi.org/10.15223/policy-029","","","","DOI.org (Crossref)","","","","/home/ashuqullah-alizai/snap/zotero-snap/common/Zotero/storage/W2G8XU4R/Nihtila and Taipale - 2022 - Energy Saving Router Rotation Protocol for DECT-2020 NR.pdf","","","5G; Ultra reliable low latency communication; Wireless communication; Wireless sensor networks; NR; DECT-2020; Energy consumption; Mesh networks; Wireless mesh networks; energy saving; Network architecture","","","","","","","","","","","","","","","","","","","","","","","","","","","","","","","2022 18th International Conference on Wireless and Mobile Computing, Networking and Communications (WiMob)","","","","","","","","","","","","","","",""
"AF6XBGMS","journalArticle","2024","Poets, Alexander; WaÃ, Mattes","DECT NR+: A new radio standard to benefit professional audio  applications","","","","","","DECT-2020 New Radio (marketed as NR+ by the DECT Forum) is an ETSI-developed Radio Interface Technology (RIT) that meets the IMT-2020 requirements for UltraReliable Low Latency (URLLC) and massive Machine Type Communication (mMTC). Therefore, in late 2021, it was approved by the ITU-R to be included in the 5G family of standards. Constituting the world’s first non-cellular 5G technology, DECT NR+ targets nomadic wireless applications that can be deployed anywhere by anyone at any time. Along with the option to operate in the license-exempt 1.9 GHz DECT band, the meshnetworking capability of NR+ makes the technology a compelling choice for Small and Medium-sized Enterprises (SMEs) and the Program Making and Special Events (PMSE) industry.","2024","2026-03-24 13:23:12","2026-07-08 13:46:21","","","","","","","","","","","","","","","en","","","","","Zotero","","","","/home/ashuqullah-alizai/snap/zotero-snap/common/Zotero/storage/549AI8AY/Raftopoulou et al. - 2025 - Deployment and Performance Evaluation of 5G Private Networks, Enabling Use Cases in Rural Remote Are.pdf; /home/ashuqullah-alizai/snap/zotero-snap/common/Zotero/storage/TKBCZVZS/Raftopoulou et al. - 2025 - Deployment and Performance Evaluation of 5G Private Networks, Enabling Use Cases in Rural Remote Are.pdf; /home/ashuqullah-alizai/snap/zotero-snap/common/Zotero/storage/D78AQ6XE/Poets and WaÃ - 2024 - DECT NR+ A new radio standard to benefit professional audio  applications.pdf","","","5G mobile communication; Radio access networks; Throughput; Sensors; 5G private networks; Europe; field trials; forestry; Forestry; Indoor environment; indoor environments; Key performance indicator; Livestock; livestock transportation; mines; network deployment; remote areas; Uplink","","","","","","","","","","","","","","","","","","","","","","","","","","","","","","","","","","","","","","","","","","","","","",""
"BEJNT8CT","conferencePaper","2026","Ugarte, Paula Martinez; Sanchez, Jon Montalban; Izquierdo, Iñaki Eizmendi; Gil, Eneko Iradier; Andres, Marta Fernandez; Barrenechea, Iñigo Bilbao","Empirical Performance Assessment of DECT NR+ for Wireless Industrial Communication","2026 IEEE 22nd International Conference on Factory Communication Systems (WFCS)","","2835-8414","10.1109/WFCS67029.2026.11511563","https://ieeexplore.ieee.org/document/11511563/","DECT-2020 NR (DECT NR+) represents a paradigm shift in industrial wireless communications as the first non-cellular standard integrated into the IMT-2020 5G framework. Despite its potential for massive IoT and URLLC applications, empirical hardware-level evaluations in representative industrial environments have yet to be conducted. This paper presents a first step towards a physical layer performance characterization of DECT NR+ using pre-commercial evaluation boards interfaced with a real-time RF channel emulator. Following a baseline validation against Additive White Gaussian Noise (AWGN) model, we evaluate system performance across a non-line-of-sight (NLOS) factory profile. While SNR results align with theoretical models, performance in multipath environments suggests that integrating retransmission or diversity mechanisms would further optimize link reliability in dense industrial deployments.","2026-04","2026-07-08 09:44:45","2026-07-08 13:46:19","2026-07-08 09:44:28","1-5","","","","","","","","","","","","","","","","","","IEEE Xplore","","ISSN: 2835-8414","","/home/ashuqullah-alizai/snap/zotero-snap/common/Zotero/storage/8A57C5W9/105041003052.html","","","5G mobile communication; Ultra reliable low latency communication; Signal to noise ratio; Production facilities; wireless; DECT-2020 NR; Simulation; Massive machine type communications; Hardware; industrial communications; Modeling; Printing; reliability; Technology","","","","","","","","","","","","","","","","","","","","","","","","","","","","","","","2026 IEEE 22nd International Conference on Factory Communication Systems (WFCS)","","","","","","","","","","","","","","",""
"QRW7BNL7","conferencePaper","2022","Perez-Guirao, M. Dolores; Weisshaupt, Thomas; Wilzeck, Andreas","DECT NR+:Unveiling the Essentials of a new non-cellular 5G Standard for Verticals","Mobile Communication - Technologies and Applications; 26th ITG-Symposium","","","","https://ieeexplore.ieee.org/document/9861863/","DECT-2020 NR is a young radio standard developed by ETSI, which aims to provide a lean but powerful technical foundation for industrial IoT applications (IIoT) such as e.g. Industry 4.0, media content production, mission-critical or building automation and monitoring. The DECT Forum markets DECT-2020 NR as DECT NR+. In the fall of 2021, ITU-R adopted DECT-2020 NR as part of the IMT-2020 family of standards, also known as the 5th generation (5G) of wireless access technology. Driving underlying design objective of DECT-2020 NR has been to create a wireless communication technology, which can be deployed by anyone, be operated by anybody and used anywhere opening in that sense extensive opportunities for sustainable, independent or cooperative wireless connectivity solutions, especially for medium-sized industries. This paper provides an overview of the essentials of the state of the art in DECT NR+ represented by the ETSI TC DECT-2020 NR technical specifications. We describe the fundamental concepts of DECT-2020 NR, highlighting how application and solution development is facilitated, and propose various possible innovation paths influencing future standardization and spectrum policy concepts for local area private industrial networks. In addition, we point out options for governance models that can lead to democratisation of 5G and IIoT.","2022-05","2026-07-08 09:44:45","2026-07-08 13:44:06","2026-07-08 09:44:38","1-6","","","","","","DECT NR+","","","","","","","","","","","","IEEE Xplore","","","","/home/ashuqullah-alizai/snap/zotero-snap/common/Zotero/storage/TDX8AD2K/Perez-Guirao et al. - 2022 - DECT NR+Unveiling the Essentials of a new non-cellular 5G Standard for Verticals.pdf","","","5G; private networks; DECT-2020 NR; IMT-2020; DECT NR+; governance; spectrum policy","","","","","","","","","","","","","","","","","","","","","","","","","","","","","","","Mobile Communication - Technologies and Applications; 26th ITG-Symposium","","","","","","","","","","","","","","",""
"TVSE3NV3","conferencePaper","2025","Liu, Zheyuan; Li, Qian; Yang, Shuangye; Yao, Chenyang; Zhao, Kai; Jia, Lufeng; Zhang, Qiao; Guo, Biao","Data-Aided Channel Estimation for Robust DECT-2020 NR+ Links in Oil and Gas Equipment Data Communication","2025 7th International Conference on Intelligent Control, Measurement and Signal Processing (ICMSP)","","","10.1109/ICMSP68723.2025.11407711","https://ieeexplore.ieee.org/document/11407711/","Oil and gas extraction and processing environments impose stringent requirements on wireless data links used for equipment monitoring, control, and safety. Multipath-rich metallic structures, Radio Frequency(RF) blocking, and dynamic interference degrade channel estimation accuracy, especially at low SNR. This paper adapts and evaluates a data-aided least-squares (LS) channel estimation approach—originally developed and validated for Digital Enhancement Cordless Telecommunication2020 New Radio Plus(DECT-2020 NR+)—to oil and gas equipment data communication over Orthogonal Frequency Division Multiplexing(OFDM) links. By combining pilot symbols with previously decoded data symbols, the proposed receiver improves channel transfer function (CTF) estimates without increasing pilot overhead. MATLAB simulations on AWGN and 3GPP TDL channels, coupled with a lab validation using a DECT development board and a backscatter-like test signal, show consistent MSE gains over pilot-only LS across SNRs. Deployment aspects for oil and gas sites, including subcarrier numerology, packetization, and frequency planning in the 1.9 GHz frequency band, which is used in some industrial wireless systems. Detailed implementation guidance is provided for field gateways and sensor Radio Devices(RDs). Results indicate that data-aided estimation enhances reliability and spectral efficiency for real-time equipment telemetry and alarm reporting in harsh oilfield environments.","2025-11","2026-07-08 09:44:45","2026-07-08 13:44:57","2026-07-08 09:44:39","309-313","","","","","","","","","","","","","","","","","","IEEE Xplore","","","","/home/ashuqullah-alizai/snap/zotero-snap/common/Zotero/storage/EQVWQQPH/Liu et al. - 2025 - Data-Aided Channel Estimation for Robust DECT-2020 NR+ Links in Oil and Gas Equipment Data Communica.pdf","","","OFDM; Receivers; Wireless sensor networks; Symbols; Signal to noise ratio; Industrial IoT; Channel estimation; Channel Estimation; Data-aided; Decision-Directed Channel Estimation; DECT-2020 NR+; LS; Oil and Gas Equipment; Oils; Safety; Telemetry; Transfer functions","","","","","","","","","","","","","","","","","","","","","","","","","","","","","","","2025 7th International Conference on Intelligent Control, Measurement and Signal Processing (ICMSP)","","","","","","","","","","","","","","",""
"IYYEEF4B","journalArticle","2025","Dang, Yongchao; Quang, Ngo; Roni, Fagerholm; Veli-Matti, Rantanen; Kalle, Ruttik; Jäntti, Riku","EWDC: Integrating DECT-2020 With Wi-Fi for Enhanced Wireless Direct Connectivity","IEEE Internet of Things Journal","","2327-4662","10.1109/JIOT.2025.3574407","https://ieeexplore.ieee.org/document/11016710/","The rapid growth of smartphones, laptops, and Internet of Things (IoT) devices has created an increasing demand for seamless, secure, and energy-efficient wireless direct communication. Current popular solutions, such as AirDrop and Intel Unison, rely on bluetooth low energy (BLE) for device discovery and pairing, alongside IEEE 802.11 (Wi-Fi) for high-speed data transmission. However, research has identified significant vulnerabilities in BLE, including information leakage and profile manipulation. To address these challenges, we propose an enhanced wireless direct connectivity (EWDC) framework that integrates digital enhanced cordless telecommunications (DECT)-2020 new radio (NR) with Wi-Fi. In this framework, DECT replaces BLE to enable secure and efficient device discovery, while Wi-Fi supports high-bandwidth data transmission. Specifically, DECT utilizes its licensed spectrum to establish a secure communication channel for sharing Wi-Fi configuration information, enabling a secure and reliable setup of high-speed Wi-Fi data transmission links between devices. To validate this approach, we implemented the DECT medium access control layer on the Nordic nRF9161-DK platform and evaluated the end-to-end delay between two devices. Our results demonstrate an impressive transmission delay of less than 1 \mu s for EWDC communication, enabling rapid device discovery and highly efficient operation. Furthermore, to enhance the security of wireless direct connections, the WireGuard, a VPN tunnel, is employed to encrypt data transmission over Wi-Fi providing robust protection for data shared on public frequency bandwidths. The proposed hybrid DECT-2020 NR and Wi-Fi solution significantly improves reliability, security, and communication efficiency, positioning it as a robust candidate for next-generation IoT communication systems.","2025-08","2026-07-08 09:46:40","2026-07-09 08:58:37","2026-07-08 09:46:33","31783-31796","","15","12","","","EWDC","","","","","","","","","","","","IEEE Xplore","","","","/home/ashuqullah-alizai/snap/zotero-snap/common/Zotero/storage/TG24XK5V/Dang et al. - 2025 - EWDC Integrating DECT-2020 With Wi-Fi for Enhanced Wireless Direct Connectivity.pdf","","","Reliability; Standards; Wireless communication; Wireless sensor networks; Internet of Things; Bandwidth; Wireless fidelity; DECT-2020; Data communication; Authentication; Communication system security; digital enhanced cordless telecommunications (DECT); enhanced wireless direct connectivity (EWDC); wireless direct communication","","","","","","","","","","","","","","","","","","","","","","","","","","","","","","","","","","","","","","","","","","","","","",""
"WEC5DWUP","conferencePaper","2025","Ngo, Quang Quoc; Kalle, Ruttik; Yongchao, Dang; Riku, Jäntti; Costa-Requena, Jose","Demo: Toward Multi-Connectivity 6G IoT - Practical IoT Device-to-Core Integration","2025 4th International Conference on 6G Networking (6GNet)","","","10.1109/6GNet68413.2025.11314146","https://ieeexplore.ieee.org/document/11314146/","The emerging 6G vision aims to enable massive IoT deployments, multi-connectivity, and heterogeneous networks while ensuring ultra-reliable low-latency communications, robust security, and intelligent network orchestration. Current approaches to IoT connectivity remain fragmented and isolated, lacking seamless interoperability and exposing gaps in end-to-end security. To address these gaps, we present a lightweight implementation for direct authentication and registration of IoT UEs with a commercial 5G Core (5GC) using Raspberry Pi 5 devices over Wi-Fi, enabling 5G-AKA authentication and secured NAS channel. Our implementation aims to provide a ready-to-use solution that can expand to other wireless standards, aligning with the 6G vision and emerging IoT standards such as DECT NR+. By offloading authentication, session management, and traffic control to the 5GC, resource-constrained IoT devices gain access to carrier-grade security and efficient traffic handling. Furthermore, we demonstrate a secured data-plane setup in which WireGuard configuration is exchanged between two UEs through the gNB, establishing an encrypted VPN tunnel. Validation through Wireshark captures and the 5GC GUI confirms compliance with 3 GPP specifications. This work provides a practical step toward 6G IoT integration, offering a scalable, secure, and multi-connectivity-ready solution for industrial and enterprise deployments.","2025-12","2026-07-08 09:46:40","2026-07-08 13:46:24","2026-07-08 09:46:36","103-105","","","","","","Demo","","","","","","","","","","","","IEEE Xplore","","","","/home/ashuqullah-alizai/snap/zotero-snap/common/Zotero/storage/C4AIU2Z8/105032197467.html","","","5G; 5G mobile communication; Ultra reliable low latency communication; 6G; Standards; Wireless communication; Internet of Things; 6G mobile communication; Security; Heterogeneous networks; Wireless fidelity; Virtual private networks; IoT; Authentication; Heterogeneous Networks; Multi-Connectivity","","","","","","","","","","","","","","","","","","","","","","","","","","","","","","","2025 4th International Conference on 6G Networking (6GNet)","","","","","","","","","","","","","","",""
"XIBI5WR5","bookSection","2026","Nguyen, Giang T.; Höschele, Thomas; Itting, Sebastian A.W.; Kangavar Nazari, Hosein; Senk, Stefan; Scheinert, Tobias; Liu, How-Hang; Ulbricht, Marian; Mudriievskyi, Stanislav; Zhang, Jiajing; Sridharan, Shreeja; Krzywinski, Jens; Pötter, Max A.; Fitzek, Frank H.P.; Güleçyüz, Başak; Steinbach, Eckehard","Network of networks for the Tactile Internet","Humans, Robots and Virtual Worlds in the Tactile Internet","978-0-443-30044-8","","10.1016/B978-0-44-330044-8.00023-3","","This chapter delves into the architecture and interconnection of networked systems in the Tactile Internet, emphasising their crucial role in supporting human-machine interactions. It goes beyond conventional network areas (LAN/MAN/WAN) and expands into non-terrestrial networks. The chapter focuses on two critical aspects: (i) service differentiation, which involves network slicing to support multiple sensory modalities and (ii) determinism, achieved through time-sensitive networks for safety-critical applications. Wireless connections enabled by qualified technologies, such as 5G, lay the foundation. By exploring these aspects, the chapter showcases how the Tactile Internet network of networks is designed to provide low-latency, reliable, and differentiated services to enable seamless human-machine interactions. © 2026 Elsevier Inc. All rights reserved.","2026","2026-07-08 11:06:49","2026-07-08 11:06:49","","167-186","","","","","","","","","","","Elsevier","","English","","","","","Scopus","","","","","","","5G/6G campus networks; DECT NR+; non-terrestrial networks; time-sensitive networks","Fitzek, Frank H.P.; Li, Shu-Chen; Speidel, Stefanie; Strufe, Thorsten; Mahmoodi, Toktam; Reisslein, Martin","","","","","","","","","","","","","","","","","","","","","","","","","","","","","","","","","","","","","","","","","","","","",""
"H6IZIJ7I","conferencePaper","2025","Führling, Niclas; Sandoval, Ivan Alexander Morales; De Abreu, Giuseppe Thadeu Freitas","A Robust Routing Protocol for 5G Mesh Networks","IEEE Workshop Signal Process. Adv. Wireless Commun. SPAWC","978-1-6654-7776-5","","10.1109/SPAWC66079.2025.11143415","","We consider a novel routing protocol suitable for ad-hoc networks with dynamically changing topologies, such as DECT 2020 NR (NR+) systems, which often lead to missing links between the nodes and thus, incomplete or inefficient routes. A key point of the proposed protocol is the combination of network discovery and matrix completion techniques, which allow the nodes to establish communication paths efficiently and reliably. Additionally, multihop localization is performed to estimate the location of the nodes without needing to broadcast each node's geographical position, thus preserving privacy during the routing process and enabling nodes in the network to independently find potentially missing paths in a decentralized manner instead of flooding the whole network. Simulation results illustrate the good performance of the proposed technique in terms of the average number of hops of the obtained routes in different scenarios, with different network densities and amounts of incompleteness.  © 2025 IEEE.","2025","2026-07-08 11:12:30","2026-07-08 11:12:30","","","","","","","","","","","","","Institute of Electrical and Electronics Engineers Inc.","","English","","","","","Scopus","","Journal Abbreviation: IEEE Workshop Signal Process. Adv. Wireless Commun. SPAWC","","/home/ashuqullah-alizai/snap/zotero-snap/common/Zotero/storage/83BP62XR/105016906089.html","","","DECT-2020 NR; Matrix Completion; Multihop Localization; Network Routing; Privacy","","","","","","","","","","","","","","","","","","","","","","","","","","","","","","","IEEE Workshop on Signal Processing Advances in Wireless Communications, SPAWC","","","","","","","","","","","","","","",""
"7T4A7K98","conferencePaper","2024","Montalvo, Luis; Túquerres, Gloria; Bernal, Iván","DECT Evolution towards Meeting the Requirements for IMT-2020 in the Residential Environment","Proc. LACCEI int. multi-conf. eng. educ. technol.","978-628-95207-8-1","","10.18687/LACCEI2024.1.1.695","","Energy efficiency and spectrum efficiency have been identified by “IMT for 2020 and beyond” (International Mobile Telecommunications) as two of the current wireless network capabilities that need substantial enhancement to satisfy the exponential growth of IoT and high data rate applications.“Digital Enhanced Cordless Telecommunications” (DECT) is the leading standard around the world for cordless telecommunications and it has the great advantage to operate on a “designated” license-free RF band (1880/1900 MHz in Europe).However, the original DECT has very low energy efficiency and very low spectral efficiency, and therefore, DECT is neither suitable for ultra-low energy applications nor for high data rate multimedia streaming applications.The “European Telecommunications Standards Institute” Technical Committee DECT (ETSI TC DECT) is working on these two aspects, and it has proposed a new set of “Technical Specifications” that enables DECT to support both ultra-low energy (DECT-ULE) and high data rate (DECT-2020 New Radio) application domains.In this paper, we introduce an energy consumption model for the DECT “Portable Part” (PP) that lets us analyze in detail the operation of a PP in the “standby mode”.The model lets us show that the simple reduction on the requirement of how often the PP must monitor the “paging” beacon enables DECT for ultra-low energy applications.We then show that the use of the state-of-the-art multi-carrier “Orthogonal Frequency Division Multiplexing” (OFDM) modulation, and the spatial multiplexing “Multiple Input Multiple Output” (MIMO) antenna technique, enables DECT for high data rate multimedia streaming applications. © 2024 Latin American and Caribbean Consortium of Engineering Institutions. All rights reserved.","2024","2026-07-08 11:17:48","2026-07-08 11:17:48","","","","","","","","","","","","","Latin American and Caribbean Consortium of Engineering Institutions","","English","","","","","Scopus","","Journal Abbreviation: Proc. LACCEI int. multi-conf. eng. educ. technol.","","/home/ashuqullah-alizai/snap/zotero-snap/common/Zotero/storage/HMCSKD2H/Montalvo et al. - 2024 - DECT Evolution towards Meeting the Requirements for IMT-2020 in the Residential Environment.pdf","","","IMT-2020; DECT-2020 New Radio; 3GPP LTE; DECT-ULE","","","","","","","","","","","","","","","","","","","","","","","","","","","","","","","Proceedings of the LACCEI international Multi-conference for Engineering, Education and Technology","","","","","","","","","","","","","","",""
"Z4DXINSP","journalArticle","2025","Hernández Jauregui, Iker","Scalability and performance evaluation of DECT NR+ for IOT connectivity","","","","","https://addi.ehu.es/handle/10810/73264","","2025","2026-07-08 12:44:16","2026-07-08 12:44:16","2026-07-08 12:44:00","","","","","","","","","","","","","","","","","","","Google Scholar","","","","","","","","","","","","","","","","","","","","","","","","","","","","","","","","","","","","","","","","","","","","","","","","","","","","",""
"D5WE3D3D","preprint","2026","Fedrecheski, Geovane; Gao, Yinghao; Maksimovic, Filip; Abadie, Alexandre; Vučinić, Mališa; Chang, Tengfei; Watteyne, Thomas","Mari: Responsive Wireless Communication for Low-Power Large-Scale Robot Swarms","","","","10.2139/ssrn.6571600","https://papers.ssrn.com/abstract=6571600","Connecting large swarms of low-power micro-robots remains an open challenge: existing communication systems either lack the scalability to connect hundreds of units, or fail to deliver the low latency required for responsive control. For example, while Wi-Fi and BLE are commonly used in swarm robotics, scaling beyond 50 robots remains challenging. We introduce the Micro-robot Access Radio Infrastructure (Mari), a new link layer and architecture that aims to connect thousands of robots. Our TSCH-based link layer runs on commodity BLE radios, providing responsive control of up to 102 nodes using a single gateway. To scale beyond a single gateway, Mari supports multiple non-coordinated gateways with fast node-controlled handovers. We further provide a lightweight infrastructure for real-time remote control and monitoring. We implement Mari on the popular nRF52840 and nRF5340 platforms, and extensively evaluate it in large-scale testbeds. In experiments with 100 nodes connected to a single gateway, Mari achieves a packet delivery ratio above 97%, round-trip latency of 269 ms, and full association time of 3.5 s under a join storm. When moving 100 nodes together between two gateways, we obtain an average handover duration of only 0.34 s. A single node handover time can take less than 50 ms. In a setup with 200 nodes and two gateways, we measure round-trip latency of 274 ms and a packet delivery ratio above 93%. We integrate Mari with the DotBot testbed in an experimental deployment of several hundred robots, enabling remote firmware update of 600 robots in less than 4 min. We contribute Mari as an open-source platform, including firmware, libraries, and performance monitoring tools, enabling researchers to connect swarm systems from a handful of units up to hundreds.","2026-04-13","2026-07-08 13:09:12","2026-07-08 13:09:12","2026-07-08 13:09:12","","","","","","","Mari","","","","","Social Science Research Network","Rochester, NY","en","","SSRN Scholarly Paper","","","papers.ssrn.com","","","","/home/ashuqullah-alizai/snap/zotero-snap/common/Zotero/storage/T63IF4YL/Fedrecheski et al. - 2026 - Mari Responsive Wireless Communication for Low-Power Large-Scale Robot Swarms.pdf","","","BLE; networking; swarm robotics; Testbeds; TSCH","","","","","","","","","","","","","","","","","","","6571600","","","","","","","","","","","","","","","","","","","","","","","","","","",""
"3HD33JQH","journalArticle","2022","Atiq, Mahin K.; Muzaffar, Raheeb; Seijo, Óscar; Val, Iñaki; Bernhard, Hans-Peter","When IEEE 802.11 and 5G Meet Time-Sensitive Networking","IEEE Open Journal of the Industrial Electronics Society","","2644-1284","10.1109/OJIES.2021.3135524","https://ieeexplore.ieee.org/document/9652097/","Many emerging applications require a higher level of flexibility, modularity, and efficiency but are dependent on advancements in communication infrastructure and distributed computing. Time-sensitive networking (TSN) standards aim at providing vendor agnostic, reliable, and deterministic communications over the Ethernet, but lack in flexibility and modularity provisions. In this context wireless communication systems are preferred given the obvious benefits in terms of increased flexibility, reduced deployment & maintenance costs, and inherent mobility support. However, the stochastic nature of the wireless medium poses several challenges in achieving these benefits. In this paper we comprehensively analyze the recent standardization efforts and developments in IEEE 802.11 and 5G to enable low-latency, deterministic communications and present the current status of their integration with wired TSN. Then, we present a set of use cases that may be enabled by wireless TSN including industrial automation, automotive, or audiovisual applications.","2022","2026-07-08 13:09:29","2026-07-08 13:09:29","2026-07-08 13:09:29","14-36","","","3","","","","","","","","","","","","","","","IEEE Xplore","","","","/home/ashuqullah-alizai/snap/zotero-snap/common/Zotero/storage/AXFYS4U8/Atiq et al. - 2022 - When IEEE 802.11 and 5G Meet Time-Sensitive Networking.pdf","","","5G; 5G mobile communication; Protocols; Reliability; Standards; Wireless communication; Wireless sensor networks; Wireless fidelity; IEEE 802.11; IEEE 802.11 Standard; deterministic; Real time; reliable; Sensitivity analysis; time sensitive networking; TSN; Wi-Fi","","","","","","","","","","","","","","","","","","","","","","","","","","","","","","","","","","","","","","","","","","","","","",""
"8PTD58HR","journalArticle","2026","Baheti, Prashant Kumar; Khunteta, Ajay","Priority-aware Radio Resource Scheduling for mMTC in 5G Networks -- Balancing Efficiency and Fairness, Journal of Telecommunications and Information Technology, 2026, nr 1","Journal of Telecommunications and Information Technology","","","","https://bc.itl.waw.pl/dlibra/publication/2747/edition/2426","kwartalnik","2026","2026-07-08 13:14:21","2026-07-08 13:14:21","2026-07-08 13:14:21","","","","","","","","","","","","National Institute of Telecommunications","","ang","Biblioteka Naukowa Instytutu Łączności","","","","dLibra","","","","/home/ashuqullah-alizai/snap/zotero-snap/common/Zotero/storage/4ZF3M6ET/Baheti and Khunteta - 2026 - Priority-aware Radio Resource Scheduling for mMTC in 5G Networks -- Balancing Efficiency and Fairnes.pdf; /home/ashuqullah-alizai/snap/zotero-snap/common/Zotero/storage/4ISN2VVH/2426.html","","","quality of service; 5G networks; fairness; efficiency; priority-aware scheduling; radio resource scheduling","","","","","","","","","","","","","","","","","","","","","","","","","","","","","","","","","","","","","","","","","","","","","",""
"E5NWDNXY","journalArticle","","Khalili, Mohammad; Perera, Amila; Häkkinen, Juha; Katz, Marcos; Mikhaylov, Konstantin","Bridging Light and Radio: Hybrid Network Architectures for IoT in the 6G Era","TechRxiv","","","10.36227/techrxiv.176462964.43051246/v1","https://www.techrxiv.org/doi/full/10.36227/techrxiv.176462964.43051246/v1","The massive scale and dense deployments of future Internet of Things (IoT), particularly within the 6G framework, expose the critical limitations of traditional Radio Frequency (RF) systems, namely spectral congestion, interference, and security vulnerabilities. Optical Wireless Communication (OWC) offers a compelling complement, providing vast, unlicensed spectrum, immunity to RF interference, and enhanced physical-layer security. However, OWC's susceptibility to blockages and limited mobility hinders its standalone deployment, as it cannot, on its own, meet the stringent connectivity and mobility requirements of many IoT applications. This article explores the convergence of optical and radio networks and proposes a flexible, adaptable, and resilient connectivity framework tailored for modern IoT ecosystems. We present a holistic system architecture that integrates single-mode RF, single-mode OWC, and unified hybrid Access Points (APs) to efficiently manage the diverse and often conflicting objectives of various IoT applications. While these hybrid RF/OWC APs offer significant advantages in cost, efficiency, and coordinated management, they also introduce a primary deployment challenge: the inherent coverage mismatch between the two technologies. To precisely address this critical issue, we demonstrate a practical solution supported by a coverage equivalence analysis to validate the proposed framework. This analysis quantifies the required OWC transmitter density to match a given RF range, offering tangible guidance for system planning.","","2026-07-08 13:16:04","2026-07-08 13:16:04","2026-07-08 13:16:04","","","1201","2025","","","Bridging Light and Radio","","","","","TechRxiv","","","","","","","techrxiv.org (Atypon)","","","","/home/ashuqullah-alizai/snap/zotero-snap/common/Zotero/storage/RBCWNIZD/Khalili et al. - Bridging Light and Radio Hybrid Network Architectures for IoT in the 6G Era.pdf","","","","","","","","","","","","","","","","","","","","","","","","","","","","","","","","","","","","","","","","","","","","","","","","",""
"LIPHN6WT","book","2021","Anttonen, Antti; Karhula, Pekka; Lasanen, Mika; Majanen, Mikko","Enabling Massive Machine Type Communications with DECT-2020 Standard: A System-Level Performance Study","","","","","","The goal of this research report is to objectively evaluate the performance of emerging DECT-2020 standard. The DECT-2020 standard from European Telecommunications Standards Institute (ETSI) is a candidate technology for International Mobile Telecommunications 2020 (IMT-2020) wireless technology. The target use scenario involves the massive machine type communications (mMTC) in an urban macro wireless channel environment. The International Telecommunication Union (ITU) sets the requirements for any IMT-compliant mMTC technology. Essentially, the supported device connection density must be at least 1 million devices per km2 while the packet outage rate and packet delay must be at most 1 % and 10 s, respectively. The used simulation environment is developed using the well-recognized Network Simulator 3 (NS-3) software in order to estimate the packet outage rate constrained by the packet delay and network density. The comprehensive system simulator can handle both the device association phase as well as the application data transmission phase according to the DECT-2020 standard specifications. A distinctive system parameter of interest is the proportion of routing devices out of all source devices in the mesh network. It is concluded that, for the given evaluation framework, the DECT-2020 is able to fulfil the aforementioned ITU requirements and it appears, therefore, a potential candidate for the IMT-2020-enabled mMTC digital services. During the project, VTT’s results also contributed to the ETSI evaluation group work and were used in corresponding interim evaluation report submitted to ITU-R by ETSI. The views and results of this report are those of authors.","2021","2026-07-08 13:23:46","2026-07-08 13:23:46","","","","","","","","Enabling Massive Machine Type Communications with DECT-2020 Standard","VTT Research Report","","","","VTT Technical Research Centre of Finland","","","","","","","VTT's Research Information Portal","","","<p>VTT-R-00367-21 (lisätty tiedosto Antti Anttosen pyynnöstä),128181/SySimD2020</p>","","","","DECT-2020; ITU requirements; massive machine type communications; packet outage rate; system simulations","","","","","","","","","","","","","","","","","","","","","","","","","","","","","","","","","","","","","","","","","","","","","",""
"2BX49RDK","webpage","2024","Jahangir, Muhammad Ahtasham Bin","Analysis of the performance of DECT NR+ radio access technology for the connectivity of unmanned aerial vehicles (UAVs)","","","","","https://oulurepo.oulu.fi/handle/10024/51118","","2024-07-01","2026-07-08 13:24:49","2026-07-08 13:24:49","2026-07-08 13:24:49","","","","","","","","","","","","M. A. B Jahangir","","eng","","","","","","","","","/home/ashuqullah-alizai/snap/zotero-snap/common/Zotero/storage/YSMX5GMW/Jahangir - 2024 - Analysis of the performance of DECT NR+ radio access technology for the connectivity of unmanned aer.pdf","","","","","","","","","","","","","","","","","","","","","","","","","","","","","","","","","","","","","","","","","","","","","","","","",""
"J83FIVKM","preprint","2026","Dang, Yongchao; Quang, Ngo; Kalle, Ruttik; Requena, Jose Costa; Jäntt, Rikui","Uni-RAT: A Unified DECT-2020 NR and Wi-Fi System for 6G Multi-RAT Networks","","","","10.2139/ssrn.6459430","https://papers.ssrn.com/abstract=6459430","Future 6G networks aim to deliver seamless, secure, and low-latency connectivity across heterogeneous radio access technologies (RATs) such as 5G New Radio (NR), Wi-Fi, and DECT-2020 NR to support emerging applications including extended reality (XR) and the Industrial Internet of Things (IIoT). However, current Multi-RATs systems are operated and managed in isolation, which hinders users and devices from seamlessly leveraging heterogeneous connectivity in a unified and efficient manner. To address this fragmentation, 3GPP has introduced interworking functions such as the N3IWF for untrusted and the TNGF for trusted non-3GPP access, enabling IP-session continuity when users move across heterogeneous networks. Nevertheless, these mechanisms rely on mandatory IPsec, which requires each RAT to maintain a separate secure tunnel to the core network and prevents intra-cell device-to-device (D2D) communication, thereby introducing significant encryption latency, increasing data-plane load, and complicating network management. To overcome these limitations, we propose Uni-RAT, a unified Multi-RATs framework in which DECT-2020 NR operates as the Master-RAT, anchoring 3GPP control-plane security via 5G-AKA and NAS, while Wi-Fi functions as a Secondary-RAT for data-plane data delivery. Uni-RAT employs lightweight Layer-3 WireGuard tunnels to secure both D2D and multi-hop communication, significantly reducing the latency and computational overhead of IPsec-based interworking mechanisms used by N3IWF and TNGF. In addition, a customized SMS-over-NAS signaling mechanism is introduced to distribute WireGuard configuration and keying material, enabling unified authentication and efficient Multi-RATs security management. We implement a full prototype using Nordic nRF9161 DECT-2020 NR devices, Raspberry Pi Wi-Fi nodes, and a Cumucore 5G core, with security-critical functions protected inside Arm TrustZone. Experimental results indicate that Uni-RAT supports Multi-RATs communication with high throughput and low packet loss in intra-cell D2D scenarios, maintains bounded latency and jitter under relay-assisted and inter-cell configurations, and achieves stable UE registration latency below 100 ms with up to 100 concurrent devices under background traffic, demonstrating its practical feasibility and scalability and positioning Uni-RAT as an early architectural blueprint for 6G Multi-RATs networks.","2026-03-23","2026-07-08 13:27:29","2026-07-08 13:27:29","2026-07-08 13:27:29","","","","","","","Uni-RAT","","","","","Social Science Research Network","Rochester, NY","en","","SSRN Scholarly Paper","","","papers.ssrn.com","","","","/home/ashuqullah-alizai/snap/zotero-snap/common/Zotero/storage/4EWB29NA/Dang et al. - 2026 - Uni-RAT A Unified DECT-2020 NR and Wi-Fi System for 6G Multi-RAT Networks.pdf","","","DECT-2020 NR; Wi-Fi; 6G.; Device-to-Device (D2D); Multi-RATs; SMS-over-NAS","","","","","","","","","","","","","","","","","","","6459430","","","","","","","","","","","","","","","","","","","","","","","","","","",""
"2NC42GY7","journalArticle","2024","Fagerholm, Roni","FPGA-based DECT-2020 New Radio packet detection","","","","","https://aaltodoc.aalto.fi/handle/123456789/131768","A rapid increase in number and diverse applications of connected devices has forced digital wireless protocols to specialize further for specific purposes. One of such applications is the previously unanswered market for reliable wireless low-latency communication in private self-sustained networks. As a revision of an older standard, DECT-2020 New Radio aims to provide a solution for this market. To research different physical layer properties of DECT in real-world environments, a software-defined radio (SDR) framework would be required. Since such design already existing for IEEE 802.11, a well-utilized open-source project openwifi, an analogous solution for DECT could be realized. The goal of this thesis was to provide an implementation for the first part of this SDR framework. The main contribution of this thesis is an FPGA-based packet detector for DECT. Written in Verilog-2001 for an AMD Zynq system-on-chip, the implemented design manages Synchronization Training Field preamble detection and timing synchronization with hardware efficient autocorrelation approach. The proposed design was evaluated using a simulation environment that integrated MATLAB and the Icarus Verilog simulation tool. Both real-world and generated data were utilized during the simulation. Compared to a cross-correlation based detection, the implementation utilizes only two complex-valued multiplications at the expense of a higher signal-to-noise (SNR) ratio requirement. In comparison to a reference autocorrelation-based detection, the implementation requires at least 2.6 dB higher SNR depending on the utilized configuration, yet it does not suffer from co-channel interference and includes a simpler signal power estimator. The resource utilization of the proposed design is comparable to that of openwifi despite differences in communication protocols. Finally, different power scaling factors were simulated to analyze the implementation’s performance. The thesis thus provides an initial foundation to a hardware-based SDR for DECT-2020 NR.","2024-09-30","2026-07-08 13:27:35","2026-07-08 13:27:35","2026-07-08 13:27:35","","","","","","","","","","","","","","en","","","","","aaltodoc.aalto.fi","","","","/home/ashuqullah-alizai/snap/zotero-snap/common/Zotero/storage/VAUTRWTF/Fagerholm - 2024 - FPGA-based DECT-2020 New Radio packet detection.pdf","","","","","","","","","","","","","","","","","","","","","","","","","","","","","","","","","","","","","","","","","","","","","","","","",""
"QHHJAHFQ","webpage","2025","Bandara, Isitha","Experimental validation and analysis of the performance of DECT NR+ radio access technology","","","","","https://oulurepo.oulu.fi/handle/10024/57076","","2025-06-16","2026-07-08 13:29:04","2026-07-08 13:29:04","2026-07-08 13:29:04","","","","","","","","","","","","I. Bandara","","eng","","","","","","","","","/home/ashuqullah-alizai/snap/zotero-snap/common/Zotero/storage/CG6HD3R4/Bandara - 2025 - Experimental validation and analysis of the performance of DECT NR+ radio access technology.pdf","","","","","","","","","","","","","","","","","","","","","","","","","","","","","","","","","","","","","","","","","","","","","","","","",""
"BY8HWV9J","journalArticle","2025","Ngo, Quang","IoT device authentication in 5G networks","","","","","https://aaltodoc.aalto.fi/handle/123456789/142852","The rapid expansion of the Internet of Things and Industrial IoT has accelerated the adoption of distributed sensing, automation, and data-driven decision-making across critical sectors such as manufacturing, energy, healthcare, and logistics. IoT devices typically possess limited computational resources, heterogeneous hardware architectures, and diverse communication protocols, making secure and scalable integration into modern communication infrastructures a persistent challenge. Although 5G provides high reliability, ultra-low latency, and massive connectivity---factors which makes it a promising foundation for IoT systems---current integration approaches often rely on complex architectures, proprietary gateways, and heavyweight security frameworks that limit their practicality in resource-constrained and industrial environments. To address these limitations, this thesis presents a lightweight and interoperable IoT-to-5G integration framework featuring a minimal User Equipment and gNB gateway stack implemented in C. The system can operate directly on embedded IoT devices such as Raspberry Pi and non-cellular IIoT platforms like DECT-2020 NR, e.g. Nordic Semiconductor nRF91 family. Moreover, the UE and gNB gateways are designed to connect seamlessly with the private 5G Core Networks for device authentication, enabling secure, scalable, and standards-compliant integration across heterogeneous IoT environments. Experimental validation demonstrates that the designed UE and gNB gateway interoperate seamlessly with both commercial and open-source 5G systems, including Cumucore, OpenAirInterface, and free5GC. Unlike traditional IoT gateways that locally handle protocol translation and security overhead, the proposed design offloads authentication, session management, and traffic control directly to the 5GC, thereby reducing the computational burden on edge IoT and IIoT devices while ensuring full compliance with 3GPP standards.","2025-12-15","2026-07-08 13:32:34","2026-07-08 13:32:34","2026-07-08 13:32:34","","","","","","","","","","","","","","en","","","","","aaltodoc.aalto.fi","","","","/home/ashuqullah-alizai/snap/zotero-snap/common/Zotero/storage/5VN7G2ES/Ngo - 2025 - IoT device authentication in 5G networks.pdf","","","","","","","","","","","","","","","","","","","","","","","","","","","","","","","","","","","","","","","","","","","","","","","","",""
"JF7JTVM6","conferencePaper","2026","Alam, Mirza; Pirskanen, Juho; Salokannel, Juha","DL Routing Performance in DECT-2020 NR Massive Mesh Networks","2026 Joint European Conference on Networks and Communications & 6G Summit (EuCNC/6G Summit)","","2575-4912","10.1109/EuCNC/6GSummit68295.2026.11577505","https://ieeexplore.ieee.org/document/11577505/","DECT-2020 NR, a global radio communication standard developed by ETSI, is designed to support industrial Internet of Things (IoT) applications. It complies with the requirements set by the ITU IMT-2020 framework. This study presents comprehensive simulations to evaluate downlink (DL) packet-forwarding performance in dense mesh networks using the DECT-2020 NR standard. Several studies address uplink performance; consequently, this specific downlink-focused research question has received limited attention in prior academic work. The study focuses on two routing mechanisms specified in the standard: Selective Flooding and Selective Source Routing, evaluated in a \mathbf1, 2 0 0-node, \mathbf1 0-hop, large-scale deep mesh network. The simulation results indicate that the downlink (DL) capacity for Selective Flooding-where no routing information is required-is approximately 6 packets per second. For Selective Source Routing, the downlink (DL) throughput increases with the number of deterministic routing hops, reaching close to \mathbf1 4 5 packets per second when the system uses only a single 1.728 MHz channel. Both capacities are achieved while keeping the packet outage rate below 1% to comply with the IMT-2020 requirements.","2026-06","2026-07-09 09:06:06","2026-07-09 09:06:06","2026-07-09 09:06:06","1224-1230","","","","","","","","","","","","","","","","","","IEEE Xplore","","ISSN: 2575-4912","","/home/ashuqullah-alizai/snap/zotero-snap/common/Zotero/storage/U2DB8MAN/Alam et al. - 2026 - DL Routing Performance in DECT-2020 NR Massive Mesh Networks.pdf","","","Downlink; Delays; Internet of Things; DECT-2020 NR; ITU; IoT; Routing; ETSI; Printing; Technology; Mesh networks; Floods; massive mesh networks; selective flooding; selective source routing","","","","","","","","","","","","","","","","","","","","","","","","","","","","","","","2026 Joint European Conference on Networks and Communications & 6G Summit (EuCNC/6G Summit)","","","","","","","","","","","","","","",""
"EB3X5T3T","conferencePaper","2025","Führling, Niclas; Sandoval, Ivan Alexander Morales; de Abreu, Giuseppe Thadeu Freitas","A Robust Routing Protocol for 5G Mesh Networks","2025 IEEE 26th International Workshop on Signal Processing and Artificial Intelligence for Wireless Communications (SPAWC)","","1948-3252","10.1109/SPAWC66079.2025.11143415","https://ieeexplore.ieee.org/document/11143415/","We consider a novel routing protocol suitable for ad-hoc networks with dynamically changing topologies, such as DECT 2020 NR (NR+) systems, which often lead to missing links between the nodes and thus, incomplete or inefficient routes. A key point of the proposed protocol is the combination of network discovery and matrix completion techniques, which allow the nodes to establish communication paths efficiently and reliably. Additionally, multihop localization is performed to estimate the location of the nodes without needing to broadcast each node's geographical position, thus preserving privacy during the routing process and enabling nodes in the network to independently find potentially missing paths in a decentralized manner instead of flooding the whole network. Simulation results illustrate the good performance of the proposed technique in terms of the average number of hops of the obtained routes in different scenarios, with different network densities and amounts of incompleteness.","2025-07","2026-07-09 09:07:33","2026-07-09 09:07:33","2026-07-09 09:07:33","1-5","","","","","","","","","","","","","","","","","","IEEE Xplore","","ISSN: 1948-3252","","/home/ashuqullah-alizai/snap/zotero-snap/common/Zotero/storage/NVR7UGM3/Führling et al. - 2025 - A Robust Routing Protocol for 5G Mesh Networks.pdf","","","Reliability; Wireless communication; DECT-2020 NR; Routing; Routing protocols; Simulation; Mesh networks; Spread spectrum communication; Network topology; Location awareness; Matrix Completion; Multihop Localization; Network Routing; Privacy","","","","","","","","","","","","","","","","","","","","","","","","","","","","","","","2025 IEEE 26th International Workshop on Signal Processing and Artificial Intelligence for Wireless Communications (SPAWC)","","","","","","","","","","","","","","",""
"BRZ9K58R","conferencePaper","2026","Graf, Fabian; Villnow, Michael; Watteyne, Thomas","A Pareto Optimality Approach for Link Adaptation in DECT NR+","2026 IEEE Wireless Communications and Networking Conference (WCNC)","","1558-2612","10.1109/WCNC65185.2026.11555760","https://ieeexplore.ieee.org/document/11555760/","DECT NR+ is a novel wireless IoT standard operating in the 1.9 GHz band, a band originally reserved for Digital Enhanced Cordless Telecommunications (DECT). This technology is also announced as the first non-cellular 5 G standard and theoretically offers wide flexibility in its application, ranging from Wireless Personal Area Network (WPAN) to Wide Area Network (WAN) scenarios. While this versatility is enabled by a wide range of configurable parameters, the practical application range is determined by the vendor's specific implementation. In this article, we investigate the impact of adjusting Modulation and Coding Scheme (MCS), transmit power and packet length. We formulate objective functions for data rate, energy consumption, and Packet Delivery Ratio (PDR), and analyze their dependence on the aforementioned parameters. To model specific relationships, we conduct practical experiments in two real-world testbeds using hardware from the Nordic nRF91 series. Finally, we present an approach for parameter selection based on the principle of Pareto optimality.","2026-04","2026-07-09 09:09:34","2026-07-09 09:09:34","2026-07-09 09:09:34","1-6","","","","","","","","","","","","","","","","","","IEEE Xplore","","ISSN: 1558-2612","","/home/ashuqullah-alizai/snap/zotero-snap/common/Zotero/storage/BVPMF7SZ/Graf et al. - 2026 - A Pareto Optimality Approach for Link Adaptation in DECT NR+.pdf","","","Standards; Internet of Things; Symbols; Optimization; Printing; Distance measurement; Joining processes; Equations; Current; Modulation","","","","","","","","","","","","","","","","","","","","","","","","","","","","","","","2026 IEEE Wireless Communications and Networking Conference (WCNC)","","","","","","","","","","","","","","",""
"SNMHKTUQ","conferencePaper","2024","Samuylov, Andrey; Moltchanov, Dmitri; Alam, Mirza; Pirskanen, Juho; Numminen, Jussi; Valkama, Mikko; Koucheryavy, Yevgeni; Valkama, Mikko","Performance of MAC Layer Mechanisms in DECT-2020 NR mMTC Technology","2024 IEEE 99th Vehicular Technology Conference (VTC2024-Spring)","","2577-2465","10.1109/VTC2024-Spring62846.2024.10683658","https://ieeexplore.ieee.org/document/10683658/","DECT-2020 is a recently standardized enabling technology for 5G massive machine-type communications operating in the unlicensed band. By relying upon multi-hop communications, DECT-2020 allows for cost-controlled flexible deployments, it requires an efficient solution for topology design, including the relay selection and next-hop selection mechanisms. The goal of this paper is to evaluate the impact of these algorithms on the fraction of successfully delivered packets for DECT-2020 technology. To this aim, we utilize the system-level simulation tool to capture the functionality of the physical and data-link DECT-2020 solutions. Our numerical results illustrate that the system is susceptible to the choice of the energy conservation parameters with the difference in the fraction of delivered packets reaching 10% and may effectively lead to non-operational conditions. Without simple analytical models, these parameters must be set with caution. The relay-selection mechanism procedure is generally insensitive to the parameters of the relay selection procedure, resulting in a deviation of at most 3%. Finally, the power control feature gives an additional gain of around 2-4% compared to the system without power control.","2024-06","2026-07-09 09:11:05","2026-07-09 09:11:05","2026-07-09 09:11:05","1-6","","","","","","","","","","","","","","","","","","IEEE Xplore","","ISSN: 2577-2465","","/home/ashuqullah-alizai/snap/zotero-snap/common/Zotero/storage/RZDS8MQB/Samuylov et al. - 2024 - Performance of MAC Layer Mechanisms in DECT-2020 NR mMTC Technology.pdf","","","5G mobile communication; Topology; Analytical models; algorithms; mMTC; New Radio; Relays; IoT; DECT-2020; multi-hop; Power control; Vehicular and wireless technologies; Energy conservation; topology","","","","","","","","","","","","","","","","","","","","","","","","","","","","","","","2024 IEEE 99th Vehicular Technology Conference (VTC2024-Spring)","","","","","","","","","","","","","","",""
"QMJIDVYN","conferencePaper","2026","Rauwolf, Benjamin; Asif, Awais Bin; Peissig, Jürgen","Topology-Aware Deep Reinforcement Learning for Multi-Hop URLLC in DECT-2020 NR Mesh Networks","2026 Joint European Conference on Networks and Communications & 6G Summit (EuCNC/6G Summit)","","2575-4912","10.1109/EuCNC/6GSummit68295.2026.11577203","https://ieeexplore.ieee.org/document/11577203/","DECT-2020 New Radio (NR) is a radio interface technology (RIT) standardized by the European Telecommunications Standards Institute (ETSI) for large-scale massive machine-type communication (mMTC) and Ultra-Reliable and Low-Latency Communications (URLLC) deployments. In DECT2020 NR mesh networks, multi-hop delivery is typically realized by flooding-based forwarding, which is robust but increases network load and does not explicitly optimize end-to-end latency or reliability. In this paper, we propose a topology-aware Deep Reinforcement Learning (DRL) framework for URLLC-oriented multi-hop routing in DECT-2020 NR mesh networks. Nexthop selection is modeled as a Markov decision process (MDP) whose state combines link-level latency and packet error rate (PER) metrics with graph-structured topology information. An inductive graph neural network (GNN) encoder summarizes the current mesh topology and a per-edge Deep Q-Network (DQN) head selects the next hop using a URLLC-shaped reward that jointly captures end-to-end latency and reliability. To improve scalability, the agent is trained through a curriculum over progressively larger topologies. Simulation results over small to large mesh topologies show that the proposed GNN+DRL routing policy improves the URLLC trade-off compared with both the existing latency-only routing method and the DECT2020 NR flooding procedure. For a representative medium-sized mesh network, it reduces end-to-end latency by up to 19.9 %, lowers end-to-end PER by up to 10 %, and decreases the number of transmissions per delivered packet compared with the existing approach.","2026-06","2026-07-09 09:11:33","2026-07-09 09:11:33","2026-07-09 09:11:33","140-147","","","","","","","","","","","","","","","","","","IEEE Xplore","","ISSN: 2575-4912","","/home/ashuqullah-alizai/snap/zotero-snap/common/Zotero/storage/L9C7MFB8/Rauwolf et al. - 2026 - Topology-Aware Deep Reinforcement Learning for Multi-Hop URLLC in DECT-2020 NR Mesh Networks.pdf","","","Topology; Ultra reliable low latency communication; URLLC; Timing; DECT-2020 NR; Routing; ETSI; Modeling; Printing; Joining processes; deep reinforcement learning; Equations; graph neural networks; Graph neural networks; mesh networks; routing","","","","","","","","","","","","","","","","","","","","","","","","","","","","","","","2026 Joint European Conference on Networks and Communications & 6G Summit (EuCNC/6G Summit)","","","","","","","","","","","","","","",""
"JTPLNQQC","conferencePaper","2026","Morozova, Uliana; Nikolaev, Dmitry; Gaidamaka, Elisaveta; Vlaskina, Anastasia; Gaidamaka, Yuliya","Comparison of Two Models with Non-ordinary Arrival Process to Analyze the Cluster of the DECT-2020 Network","Internet of Things, Smart Spaces, and Next Generation Networks and Systems","978-3-032-19978-2","","10.1007/978-3-032-19978-2_3","","DECT-2020 NR is a wireless communication standard designed for large-scale IoT networks with a large number of devices. In such networks, a sink node collects data from multiple sources. In this paper, we modeled a DECT-2020 sink node as a discrete packet arrival system, where data packets are processed in batches. We compared two types of systems with different arrival disciplines, Early Arrival and Late Arrival, across several metrics, including the age of information (AoI), which measures the freshness of the received data. The results showed how the difference in the order of batch arrival affected network performance and Age of Information.","2026","2026-07-09 10:36:40","2026-07-09 10:36:40","","27-47","","","","","","","","","","","Springer Nature Switzerland","Cham","en","","","","","Springer Link","","","","/home/ashuqullah-alizai/snap/zotero-snap/common/Zotero/storage/6M5VEYCF/Morozova et al. - 2026 - Comparison of Two Models with Non-ordinary Arrival Process to Analyze the Cluster of the DECT-2020 N.pdf","","","URLLC; mMTC; DECT-2020; age of information; discrete time Markov chain; queuing theory","Koucheryavy, Yevgeni; Kumar, Neeraj; Muthanna, Ammar; Sharma, Sachin","","","","","","","","","","","","","","","","","","","","","","","","","","","","","","","","","","","","","","","","","","","","",""
"QXZ3VQY9","conferencePaper","2026","Pires, Rafael; Säe, Joonas; Biswas, Ritayan; Lasanen, Mika; Pirskanen, Juho","DECT-2020 NR for Energy and Power Grid Substation QoS Monitoring Use Cases","2026 Joint European Conference on Networks and Communications & 6G Summit (EuCNC/6G Summit)","","2575-4912","10.1109/EuCNC/6GSummit68295.2026.11577420","https://ieeexplore.ieee.org/document/11577420/","Modern power grids and industrial systems require scalable and reliable wireless connectivity to support real-time monitoring and control. DECT-2020 New Radio (NR), an ETSI-standardized wireless technology operating in license-exempt spectrum, offers native mesh networking, low latency, and flexible deployment for industrial Internet-of-Things (IoT) applications. This paper investigates the suitability of DECT-2020 NR mesh networking for power grid monitoring within the Ultra Scalable Wireless Access (USWA) project. Two proof-of-concept (PoC) deployments are evaluated, collecting data from multiple sensors under varying conditions, including packet fragmentation, multi-hop communication, and different data rates to assess the end-to-end performance of the system in terms of quality-of-service (QoS) metrics. From the results, we found that DECT-2020 NR shows potential for larger scale energy and substation monitoring deployments.","2026-06","2026-07-09 10:37:25","2026-07-09 10:37:25","2026-07-09 10:37:25","372-377","","","","","","","","","","","","","","","","","","IEEE Xplore","","ISSN: 2575-4912","","/home/ashuqullah-alizai/snap/zotero-snap/common/Zotero/storage/56RBN28F/Pires et al. - 2026 - DECT-2020 NR for Energy and Power Grid Substation QoS Monitoring Use Cases.pdf","","","Jitter; Timing; Monitoring; DECT-2020 NR; Routing; Massive machine type communications; Printing; Technology; Mesh networks; Internet of Things (IoT); Joining processes; Measurement; Mesh Networks; Proof of Concept (PoC)","","","","","","","","","","","","","","","","","","","","","","","","","","","","","","","2026 Joint European Conference on Networks and Communications & 6G Summit (EuCNC/6G Summit)","","","","","","","","","","","","","","",""
"XPTZQIIG","conferencePaper","2024","Mudriievskyi, Stanislav; Fitzek, Frank H.P.; Seeling, Patrick","CHEAP 5G: DECT NR+ for Tactile Internet With Human In The Loop Application","European Wireless 2024; 29th European Wireless Conference","","","","https://ieeexplore.ieee.org/document/10925923/","5G communication networks are suitable to realize Tactile Internet with Human in the Loop application due to the envisaged latency promises. Currently, 5G Release 15 is widely deployed. Latency performance to control robots or enable humans to engage with the metaverse will require higher releases. WiFi is widely used due to its cost, but has poor latency performance due to the “listen-before-talk” requirement in the ISM bands. Therefore, solutions that combine low cost and high latency performance are needed. This paper presents a detailed performance evaluation of a 5G DECT NR+ testbed with a focus on latency and data rate. While commercial off-the-shelf (COTS) 5G testbeds are still very expensive, we present a low-cost solution to achieve similar or even better latency performance with NR+. The testbed is composed of two NR+ platforms and will explore different settings such as packet length and Modulation and Coding Scheme (MCS). The main result of the paper is that non-optimized COTS DECT NR+ can provide latency values of 2 ms to 8 ms and a data rate of 2.3 Mbit/s to 2.5 Mbit/s.","2024-09","2026-07-09 10:37:56","2026-07-09 10:37:56","2026-07-09 10:37:56","31-34","","","","","","CHEAP 5G","","","","","","","","","","","","IEEE Xplore","","","","/home/ashuqullah-alizai/snap/zotero-snap/common/Zotero/storage/LSJGWZW4/Mudriievskyi et al. - 2024 - CHEAP 5G DECT NR+ for Tactile Internet With Human In The Loop Application.pdf","","","","","","","","","","","","","","","","","","","","","","","","","","","","","","","","","","European Wireless 2024; 29th European Wireless Conference","","","","","","","","","","","","","","",""
"IF9LB555","conferencePaper","2022","Maliatsos, Konstantinos; Gotsis, Antonis; Alexiou, Angeliki","Evaluation of the IMT-2020 Candidate Radio Interface Technology DECT-2020 NR","2022 14th International Conference on COMmunication Systems & NETworkS (COMSNETS)","","2155-2509","10.1109/COMSNETS53615.2022.9668561","https://ieeexplore.ieee.org/document/9668561/","This paper provides an overview of DECT-2020 NR technology evaluation conducted by the Wireless World Research Forum (WWRF) in the context of IMT-2020 Evaluation Process solicited by the International Telecommunication Union (ITU). DECT-2020 NR, a Radio Interface Technology developed by ETSI TC DECT and DECT Forum, was submitted as an IMT-2020 candidate along with five other technologies. It is applicable in various use cases and markets, with focus on consumer and industrial IoT applications, such as industry and building automation and monitoring. In particular, it is targeting Ultra-Reliable Low Latency (URLLC) and massive Machine Type Communication (mMTC) scenarios, based on decentralized network deployments. The WWRF performed a complete assessment of the technology which included a high-level assessment of services and spectrum capabilities, along with a minimum technical performance requirements analysis for the URLLC and mMTC test environments, based on inspection, analysis and simulation. For assessing characteristics using simulation, i.e., reliability and connection density, an in-house simulation tool was developed. The evaluation study addressed mesh topologies supported by DECT-2020 and proposed several enhancements to the ITU's evaluation methodology, which is defined for cellular topologies only. The technology was found to fulfill all the requirements specified by ITU's evaluation process for IMT-2020.","2022-01","2026-07-09 10:38:29","2026-07-09 10:38:29","2026-07-09 10:38:29","889-893","","","","","","","","","","","","","","","","","","IEEE Xplore","","ISSN: 2155-2509","","/home/ashuqullah-alizai/snap/zotero-snap/common/Zotero/storage/VAS7NMTX/Maliatsos et al. - 2022 - Evaluation of the IMT-2020 Candidate Radio Interface Technology DECT-2020 NR.pdf","","","Ultra reliable low latency communication; URLLC; Wireless communication; Analytical models; Process control; DECT-2020 NR; IMT-2020; Inspection; ITU; ITU evaluation; mMTC; Reliability engineering","","","","","","","","","","","","","","","","","","","","","","","","","","","","","","","2022 14th International Conference on COMmunication Systems & NETworkS (COMSNETS)","","","","","","","","","","","","","","",""
"FC49P98N","conferencePaper","2025","Leugner, Swen; Hellbrueck, Horst","An Alternative to SubGHz for LPWAN","Mobilkommunikation; 29. ITG-Fachtagung","","","","https://ieeexplore.ieee.org/document/11048385/","Low Power Wide Area Networks (LPWAN) enable energy-efficient communication over long distances, making them interesting for Internet of Things (IoT) applications. Some applications require a higher data rate than standard LPWAN while keeping a moderate range for keeping infrastructure requirements low. This paper provides a comparative evaluation of two LPWAN technologies, LoRa operating at 2.4 GHz and DECT NR+ for these kind of applications. We conducted modeling and experimental evaluations to assess their performance in terms of range and data rate across indoor, indoor-outdoor, and outdoor scenarios. For modeling we applied the log-distance path loss model, accounting for environmental conditions. Results show that LoRa achieves significantly greater range, with up to 259 meters in indoor-outdoor scenarios, compared to DECT NR+ with a maximum of 16 meters. Outdoor evaluations revealed LoRa’s capability to maintain connectivity at distances exceeding 1 kilometer in non-line-of-sight conditions. However, DECT NR+ offers higher data rates, reaching up to 3744 kBit/s, making it advantageous for applications demanding robust data rates in limited-range scenarios. The findings highlight the trade-offs between range and data rate.","2025-05","2026-07-09 10:38:56","2026-07-09 10:38:56","2026-07-09 10:38:56","109-114","","","","","","","","","","","","","","","","","","IEEE Xplore","","","","/home/ashuqullah-alizai/snap/zotero-snap/common/Zotero/storage/42RZCZE8/Leugner and Hellbrueck - 2025 - An Alternative to SubGHz for LPWAN.pdf","","","","","","","","","","","","","","","","","","","","","","","","","","","","","","","","","","Mobilkommunikation; 29. ITG-Fachtagung","","","","","","","","","","","","","","",""